Workbook

Sheet Diseño Curricular
A1: Curso | B1: 786 - Sistemas Organizacionales y Gerenciales 1 | F1: ⬅️ Seleccióna el curso.
A3: No. | B3: Competencia | C3: Unidad | D3: Tema | E3: Subtema | F3: Julio | G3: Semana
A4: 1 | B4: revisa la evolución de los sistemas de información en la empresa mediante el análisis de casos históricos y actuales con el fin de identificar tendencias y áreas de mejora | C4: 1 | D4: Evolución del sistema de información | E4: Definición de sistema de información | F4: Julio | G4: 1
A5: 2 | B5: revisa la evolución de los sistemas de información en la empresa mediante el análisis de casos históricos y actuales con el fin de identificar tendencias y áreas de mejora | C5: 1 | D5: Evolución del sistema de información | E5: Historia de los sistemas de información | F5: Julio | G5: 1
A6: 3 | B6: revisa la evolución de los sistemas de información en la empresa mediante el análisis de casos históricos y actuales con el fin de identificar tendencias y áreas de mejora | C6: 1 | D6: Evolución del sistema de información | E6: Tipos de sistemas de información | F6: Julio | G6: 1
A7: 4 | B7: revisa la evolución de los sistemas de información en la empresa mediante el análisis de casos históricos y actuales con el fin de identificar tendencias y áreas de mejora | C7: 1 | D7: Evolución del sistema de información | E7: Importancia en la empresa | F7: Julio | G7: 1
A8: 5 | B8: revisa la evolución de los sistemas de información en la empresa mediante el análisis de casos históricos y actuales con el fin de identificar tendencias y áreas de mejora | C8: 1 | D8: Evolución del sistema de información | E8: Desafíos actuales | F8: Julio | G8: 1
A9: 6 | B9: revisa la evolución de los sistemas de información en la empresa mediante el análisis de casos históricos y actuales con el fin de identificar tendencias y áreas de mejora | C9: 1 | D9: Evolución del sistema de información | E9: Ejemplos de sistemas en empresas | F9: Julio | G9: 1
A10: 7 | B10: revisa la evolución de los sistemas de información en la empresa mediante el análisis de casos históricos y actuales con el fin de identificar tendencias y áreas de mejora | C10: 1 | D10: Evolución del sistema de información | E10: Futuro de los sistemas de información | F10: Julio | G10: 1
A11: 8 | B11: moviliza habilidades de pensamiento crítico y resolución de problemas utilizando estudios de caso empresariales con el fin de fortalecer la toma de decisiones en entornos organizacionales | C11: 1 | D11: Gestión de recursos de información | E11: Fuentes de información | F11: Julio | G11: 1
A12: 9 | B12: moviliza habilidades de pensamiento crítico y resolución de problemas utilizando estudios de caso empresariales con el fin de fortalecer la toma de decisiones en entornos organizacionales | C12: 1 | D12: Gestión de recursos de información | E12: Clasificación de la información | F12: Julio | G12: 1
A13: 10 | B13: moviliza habilidades de pensamiento crítico y resolución de problemas utilizando estudios de caso empresariales con el fin de fortalecer la toma de decisiones en entornos organizacionales | C13: 1 | D13: Gestión de recursos de información | E13: Herramientas de gestión | F13: Julio | G13: 2
A14: 11 | B14: moviliza habilidades de pensamiento crítico y resolución de problemas utilizando estudios de caso empresariales con el fin de fortalecer la toma de decisiones en entornos organizacionales | C14: 1 | D14: Gestión de recursos de información | E14: Procesos de toma de decisiones | F14: Julio | G14: 2
A15: 12 | B15: moviliza habilidades de pensamiento crítico y resolución de problemas utilizando estudios de caso empresariales con el fin de fortalecer la toma de decisiones en entornos organizacionales | C15: 1 | D15: Gestión de recursos de información | E15: Ejemplos de gestión efectiva | F15: Julio | G15: 2
... A101: 98 | B101: combina técnicas de trabajo en equipo y colaboración interdisciplinaria empleando metodologías ágiles de gestión de proyectos con el fin de fomentar la innovación y eficiencia organizacional | C101: 5 | D101: Gamificación en educación | E101: Conclusiones sobre plataformas | F101: Octubre | G101: 11

Sheet S.Diagnostico
A1: Curso | B1: ='Diseño Curricular'!B1 -> 786 - Sistemas Organizacionales y Gerenciales 1
A3: Semana | B3: 0
A5: Valores
A6: * Recuerda que las competencias tambien forman valores identifica el valor o valores que transmitiras esa semana
A8: Nota | B8: En reunion del dia sabado 5 de abril de 2024 se tomo la decision por medio de un consenso entre los tutores que la primera semana se realizara el diagnistico del estudiente para ver los conocimientos con que cuenta
A10: No. | B10: Actividad | C10: Recurso Empleado | D10: Tiempo aproximado
A11: 1 | B11: Presentación Quien soy | C11: Presentacion
A12: 2 | B12: Conozco a los estudiantes | C12: Ruleta/ otros para escoger a 5 estudiantes para que se presenten
A13: 3 | B13: Diagnostico de conocimientos del curso anterior | C13: Cuestionario / Actividad
A14: 4 | B14: Exploramos el programa | C14: Lectura Explicativa
A15: 5 | B15: Diagnostico del nuevo contenido | C15: Cuestionario / Actividad

Sheet S.1
A1: Curso | B1: ='Diseño Curricular'!B1 -> 786 - Sistemas Organizacionales y Gerenciales 1
A3: Semana | B3: 1
A5: Valores | B5: Responsabilidad Valor: Cumplir con deberes y compromisos.
A6: * Recuerda que las competencias tambien forman valores identifica el valor o valores que transmitiras esa semana
A8: Cronograma | B8: Para mantener la atención, es recomendable variar la dinámica de la clase cada cierto tiempo, integrando actividades como preguntas, ejercicios prácticos o discusiones en grupo. Esto es clave para la educación por competencias, ya que el aprendizaje debe ser activo y aplicado.
A11: Ponderacion | B11: =SUM(C36:G36) -> 0 | F11: Total de tiempo | H11: =H25+H45+H53 -> 100
A13: Area de conocimiento
C14: Tipo de Recurso | D14: Presentacion | E14: Video | F14: Lectura Explicativa | G14: Otros
C15: Tiempo Max | D15: 25 | E15: 10 | F15: 25 | G15: 25
C16: Tiempo Planificado | D16: 25 | E16: 10 | F16: 25 | G16: 20
A17: No. | B17: Tema | C17: Subtema
A18: 1 | B18: =IFERROR(__xludf.DUMMYFUNCTION("FILTER('Diseño Curricular'!D:D,'Diseño Curricular'!G:G=$B$3)"),"Evolución del sistema de información") -> Evolución del sistema de información | C18: =IFERROR(__xludf.DUMMYFUNCTION("FILTER('Diseño Curricular'!E:E,'Diseño Curricular'!G:G=$B$3)"),"Definición de sistema de información") -> Definición de sistema de información | D18: X
A19: 2 | B19: =IFERROR(__xludf.DUMMYFUNCTION("""COMPUTED_VALUE"""),"Evolución del sistema de información") -> Evolución del sistema de información | C19: =IFERROR(__xludf.DUMMYFUNCTION("""COMPUTED_VALUE"""),"Historia de los sistemas de información") -> Historia de los sistemas de información | D19: X
A20: 3 | B20: =IFERROR(__xludf.DUMMYFUNCTION("""COMPUTED_VALUE"""),"Evolución del sistema de información") -> Evolución del sistema de información | C20: =IFERROR(__xludf.DUMMYFUNCTION("""COMPUTED_VALUE"""),"Tipos de sistemas de información") -> Tipos de sistemas de información | D20: X | E20: X | G20: X
A21: 4 | B21: =IFERROR(__xludf.DUMMYFUNCTION("""COMPUTED_VALUE"""),"Evolución del sistema de información") -> Evolución del sistema de información | C21: =IFERROR(__xludf.DUMMYFUNCTION("""COMPUTED_VALUE"""),"Importancia en la empresa") -> Importancia en la empresa | D21: X
A22: 5 | B22: =IFERROR(__xludf.DUMMYFUNCTION("""COMPUTED_VALUE"""),"Evolución del sistema de información") -> Evolución del sistema de información | C22: =IFERROR(__xludf.DUMMYFUNCTION("""COMPUTED_VALUE"""),"Desafíos actuales") -> Desafíos actuales | D22: X
A23: 6 | B23: =IFERROR(__xludf.DUMMYFUNCTION("""COMPUTED_VALUE"""),"Evolución del sistema de información") -> Evolución del sistema de información | C23: =IFERROR(__xludf.DUMMYFUNCTION("""COMPUTED_VALUE"""),"Ejemplos de sistemas en empresas") -> Ejemplos de sistemas en empresas | D23: X
A24: 7 | B24: =IFERROR(__xludf.DUMMYFUNCTION("""COMPUTED_VALUE"""),"Evolución del sistema de información") -> Evolución del sistema de información | C24: =IFERROR(__xludf.DUMMYFUNCTION("""COMPUTED_VALUE"""),"Futuro de los sistemas de información") -> Futuro de los sistemas de información | D24: X | E24: X
B25: =IFERROR(__xludf.DUMMYFUNCTION("""COMPUTED_VALUE"""),"Gestión de recursos de información") -> Gestión de recursos de información | C25: =IFERROR(__xludf.DUMMYFUNCTION("""COMPUTED_VALUE"""),"Fuentes de información") -> Fuentes de información | G25: Sub total de tiempo | H25: =SUM(D16:G16) -> 80
A26: Marca con una x en recurso que planificas usar para impartir el conocimiento | B26: =IFERROR(__xludf.DUMMYFUNCTION("""COMPUTED_VALUE"""),"Gestión de recursos de información") -> Gestión de recursos de información | C26: =IFERROR(__xludf.DUMMYFUNCTION("""COMPUTED_VALUE"""),"Clasificación de la información") -> Clasificación de la información
A27: Otros : puedes modificarlo e indicar que recurso usarias por ejemplo simuladores
A29: Area de Habilidades
A30: Recordatorio
A31: Dentro de los 100 minutos de clase toma en cuenta incluir un tiempo para formar la habilidad del estudiante. Aprender haciendo.
A33: No. | B33: Tipo | C33: Ejercicio | D33: Practica | E33: Actividad | F33: Otros | G33: Cuestionario / Corto
B34: Tiempo Maximo | C34: 25 | D34: 25 | E34: 25 | F34: 25 | G34: 15
B35: Tiempo Planificado | C35: 10
B36: Ponderacion
B37: Competencia
A38: 1 | B38: valida metodologías de gestión del cambio y rediseño de procesos organizativos utilizando modelos de cambio organizativo y técnicas de reingeniería con el fin de garantizar la incorporación efectiva de las TIC | C38: X
A39: 2 | B39: contrasta ideas, soluciones y propuestas relacionadas con sistemas de información utilizando herramientas de comunicación efectiva con el fin de facilitar la colaboración y comprensión en la organización | C39: X
A40: 3
A41: 4
A42: 5
A43: 6
A44: 7
G45: Sub total de tiempo | H45: =SUM(C35:G35) -> 10
A46: Marca con una x en recurso que planificas usar para impartir el conocimiento
A47: Otros : puedes modificarlo e indicar que recurso usarias por ejemplo exposiciones
A48: Cierre
A50: No. | F50: Tipo | G50: Dudas
A51: 1 | B51: Tiempo de resolución de dudas | F51: Tiempo Maximo | G51: 10
F52: Tiempo Planificado | G52: 10
G53: Sub total de tiempo | H53: =G52 -> 10

Sheet S.2
A1: Curso | B1: ='Diseño Curricular'!B1 -> 786 - Sistemas Organizacionales y Gerenciales 1
A3: Semana | B3: 2
A5: Valores | B5: Respeto Valor: Tratar a los demás con dignidad y cortesía.
A6: * Recuerda que las competencias tambien forman valores identifica el valor o valores que transmitiras esa semana
A8: Cronograma | B8: Para mantener la atención, es recomendable variar la dinámica de la clase cada cierto tiempo, integrando actividades como preguntas, ejercicios prácticos o discusiones en grupo. Esto es clave para la educación por competencias, ya que el aprendizaje debe ser activo y aplicado.
A11: Ponderacion | B11: =SUM(C36:G36) -> 0 | F11: Total de tiempo | H11: =H25+H45+H53 -> 100
A13: Area de conocimiento
C14: Tipo de Recurso | D14: Presentacion | E14: Video | F14: Lectura Explicativa | G14: Otros
C15: Tiempo Max | D15: 25 | E15: 10 | F15: 25 | G15: 25
C16: Tiempo Planificado | D16: 25 | E16: 10 | F16: 25 | G16: 20
A17: No. | B17: Tema | C17: Subtema
A18: 1 | B18: =IFERROR(__xludf.DUMMYFUNCTION("FILTER('Diseño Curricular'!D:D,'Diseño Curricular'!G:G=$B$3)"),"Gestión de recursos de información") -> Gestión de recursos de información | C18: =IFERROR(__xludf.DUMMYFUNCTION("FILTER('Diseño Curricular'!E:E,'Diseño Curricular'!G:G=$B$3)"),"Herramientas de gestión") -> Herramientas de gestión | D18: X | F18: X
A19: 2 | B19: =IFERROR(__xludf.DUMMYFUNCTION("""COMPUTED_VALUE"""),"Gestión de recursos de información") -> Gestión de recursos de información | C19: =IFERROR(__xludf.DUMMYFUNCTION("""COMPUTED_VALUE"""),"Procesos de toma de decisiones") -> Procesos de toma de decisiones | D19: X
A20: 3 | B20: =IFERROR(__xludf.DUMMYFUNCTION("""COMPUTED_VALUE"""),"Gestión de recursos de información") -> Gestión de recursos de información | C20: =IFERROR(__xludf.DUMMYFUNCTION("""COMPUTED_VALUE"""),"Ejemplos de gestión efectiva") -> Ejemplos de gestión efectiva | D20: X
A21: 4 | B21: =IFERROR(__xludf.DUMMYFUNCTION("""COMPUTED_VALUE"""),"Gestión de recursos de información") -> Gestión de recursos de información | C21: =IFERROR(__xludf.DUMMYFUNCTION("""COMPUTED_VALUE"""),"Impacto en la organización") -> Impacto en la organización | D21: X | G21: X
A22: 5 | B22: =IFERROR(__xludf.DUMMYFUNCTION("""COMPUTED_VALUE"""),"Gestión de recursos de información") -> Gestión de recursos de información | C22: =IFERROR(__xludf.DUMMYFUNCTION("""COMPUTED_VALUE"""),"Estudio de caso") -> Estudio de caso | D22: X | E22: X
A23: 6 | B23: =IFERROR(__xludf.DUMMYFUNCTION("""COMPUTED_VALUE"""),"Business Analytics") -> Business Analytics | C23: =IFERROR(__xludf.DUMMYFUNCTION("""COMPUTED_VALUE"""),"Definición de Business Analytics") -> Definición de Business Analytics | D23: X
A24: 7 | B24: =IFERROR(__xludf.DUMMYFUNCTION("""COMPUTED_VALUE"""),"Business Analytics") -> Business Analytics | C24: =IFERROR(__xludf.DUMMYFUNCTION("""COMPUTED_VALUE"""),"Herramientas de análisis") -> Herramientas de análisis | D24: X
G25: Sub total de tiempo | H25: =SUM(D16:G16) -> 80
A26: Marca con una x en recurso que planificas usar para impartir el conocimiento
A27: Otros : puedes modificarlo e indicar que recurso usarias por ejemplo simuladores
A29: Area de Habilidades
A30: Recordatorio
A31: Dentro de los 100 minutos de clase toma en cuenta incluir un tiempo para formar la habilidad del estudiante. Aprender haciendo.
A33: No. | B33: Tipo | C33: Ejercicio | D33: Practica | E33: Actividad | F33: Otros | G33: Cuestionario / Corto
B34: Tiempo Maximo | C34: 25 | D34: 25 | E34: 25 | F34: 25 | G34: 15
B35: Tiempo Planificado | C35: 10
B36: Ponderacion
B37: Competencia
A38: 1 | B38: valida metodologías de gestión del cambio y rediseño de procesos organizativos utilizando modelos de cambio organizativo y técnicas de reingeniería con el fin de garantizar la incorporación efectiva de las TIC
A39: 2 | B39: contrasta ideas, soluciones y propuestas relacionadas con sistemas de información utilizando herramientas de comunicación efectiva con el fin de facilitar la colaboración y comprensión en la organización
A40: 3
A41: 4
A42: 5
A43: 6
A44: 7
G45: Sub total de tiempo | H45: =SUM(C35:G35) -> 10
A46: Marca con una x en recurso que planificas usar para impartir el conocimiento
A47: Otros : puedes modificarlo e indicar que recurso usarias por ejemplo exposiciones
A48: Cierre
A50: No. | F50: Tipo | G50: Dudas
A51: 1 | B51: Tiempo de resolución de dudas | F51: Tiempo Maximo | G51: 10
F52: Tiempo Planificado | G52: 10
G53: Sub total de tiempo | H53: =G52 -> 10

Sheet S.3
A1: Curso | B1: ='Diseño Curricular'!B1 -> 786 - Sistemas Organizacionales y Gerenciales 1
A3: Semana | B3: 3
A5: Valores | B5: Perseverancia Valor: Mantenerse constante ante los retos.
A6: * Recuerda que las competencias tambien forman valores identifica el valor o valores que transmitiras esa semana
A8: Cronograma | B8: Para mantener la atención, es recomendable variar la dinámica de la clase cada cierto tiempo, integrando actividades como preguntas, ejercicios prácticos o discusiones en grupo. Esto es clave para la educación por competencias, ya que el aprendizaje debe ser activo y aplicado.
A11: Ponderacion | B11: =SUM(C36:G36) -> 0 | F11: Total de tiempo | H11: =H25+H45+H53 -> 100
A13: Area de conocimiento
C14: Tipo de Recurso | D14: Presentacion | E14: Video | F14: Lectura Explicativa | G14: Cuestionario / Corto
C15: Tiempo Max | D15: 25 | E15: 10 | F15: 25 | G15: 25
C16: Tiempo Planificado | D16: 20 | E16: 10 | F16: 25 | G16: 25
A17: No. | B17: Tema | C17: Subtema
A18: 1 | B18: =IFERROR(__xludf.DUMMYFUNCTION("FILTER('Diseño Curricular'!D:D,'Diseño Curricular'!G:G=$B$3)"),"Business Analytics") -> Business Analytics | C18: =IFERROR(__xludf.DUMMYFUNCTION("FILTER('Diseño Curricular'!E:E,'Diseño Curricular'!G:G=$B$3)"),"Importancia en la toma de decisiones") -> Importancia en la toma de decisiones | D18: X
A19: 2 | B19: =IFERROR(__xludf.DUMMYFUNCTION("""COMPUTED_VALUE"""),"Business Analytics") -> Business Analytics | C19: =IFERROR(__xludf.DUMMYFUNCTION("""COMPUTED_VALUE"""),"Ejemplos de Business Analytics") -> Ejemplos de Business Analytics | D19: X
A20: 3 | B20: =IFERROR(__xludf.DUMMYFUNCTION("""COMPUTED_VALUE"""),"Business Analytics") -> Business Analytics | C20: =IFERROR(__xludf.DUMMYFUNCTION("""COMPUTED_VALUE"""),"Casos de éxito") -> Casos de éxito | D20: X | E20: X | F20: X
A21: 4 | B21: =IFERROR(__xludf.DUMMYFUNCTION("""COMPUTED_VALUE"""),"Business Analytics") -> Business Analytics | C21: =IFERROR(__xludf.DUMMYFUNCTION("""COMPUTED_VALUE"""),"Integración con sistemas de información") -> Integración con sistemas de información | D21: X
A22: 5 | B22: =IFERROR(__xludf.DUMMYFUNCTION("""COMPUTED_VALUE"""),"Business Analytics") -> Business Analytics | C22: =IFERROR(__xludf.DUMMYFUNCTION("""COMPUTED_VALUE"""),"Tendencias futuras") -> Tendencias futuras | D22: X | G22: X
A23: 6 | B23: =IFERROR(__xludf.DUMMYFUNCTION("""COMPUTED_VALUE"""),"La gestión del conocimiento") -> La gestión del conocimiento | C23: =IFERROR(__xludf.DUMMYFUNCTION("""COMPUTED_VALUE"""),"Concepto de gestión del conocimiento") -> Concepto de gestión del conocimiento | D23: X
A24: 7 | B24: =IFERROR(__xludf.DUMMYFUNCTION("""COMPUTED_VALUE"""),"La gestión del conocimiento") -> La gestión del conocimiento | C24: =IFERROR(__xludf.DUMMYFUNCTION("""COMPUTED_VALUE"""),"Estrategias de gestión") -> Estrategias de gestión | D24: X
G25: Sub total de tiempo | H25: =SUM(D16:G16) -> 80
A26: Marca con una x en recurso que planificas usar para impartir el conocimiento
A27: Otros : puedes modificarlo e indicar que recurso usarias por ejemplo simuladores
A29: Area de Habilidades
A30: Recordatorio
A31: Dentro de los 100 minutos de clase toma en cuenta incluir un tiempo para formar la habilidad del estudiante. Aprender haciendo.
A33: No. | B33: Tipo | C33: Ejercicio | D33: Practica | E33: Actividad | F33: Otros | G33: Cuestionario
B34: Tiempo Maximo | C34: 25 | D34: 25 | E34: 25 | F34: 25 | G34: 15
B35: Tiempo Planificado | C35: 10
B36: Ponderacion
B37: Competencia
A38: 1 | B38: combina técnicas de trabajo en equipo y colaboración interdisciplinaria empleando metodologías ágiles de gestión de proyectos con el fin de fomentar la innovación y eficiencia organizacional
A39: 2
A40: 3
A41: 4
A42: 5
A43: 6
A44: 7
G45: Sub total de tiempo | H45: =SUM(C35:G35) -> 10
A46: Marca con una x en recurso que planificas usar para impartir el conocimiento
A47: Otros : puedes modificarlo e indicar que recurso usarias por ejemplo exposiciones
A48: Cierre
A50: No. | F50: Tipo | G50: Dudas
A51: 1 | B51: Tiempo de resolución de dudas | F51: Tiempo Maximo | G51: 10
F52: Tiempo Planificado | G52: 10
G53: Sub total de tiempo | H53: =G52 -> 10

Sheet S.4
A1: Curso | B1: ='Diseño Curricular'!B1 -> 786 - Sistemas Organizacionales y Gerenciales 1
A3: Semana | B3: 4
A5: Valores | B5: Honestidad Valor: Actuar con verdad y coherencia.
A6: * Recuerda que las competencias tambien forman valores identifica el valor o valores que transmitiras esa semana
A8: Cronograma | B8: Para mantener la atención, es recomendable variar la dinámica de la clase cada cierto tiempo, integrando actividades como preguntas, ejercicios prácticos o discusiones en grupo. Esto es clave para la educación por competencias, ya que el aprendizaje debe ser activo y aplicado.
A11: Ponderacion | B11: =SUM(C36:G36) -> 0 | F11: Total de tiempo | H11: =H25+H45+H53 -> 100
A13: Area de conocimiento
C14: Tipo de Recurso | D14: Presentacion | E14: Video | F14: Lectura Explicativa | G14: Otros
C15: Tiempo Max | D15: 25 | E15: 10 | F15: 25 | G15: 25
C16: Tiempo Planificado | D16: 25 | E16: 10 | F16: 25 | G16: 25
A17: No. | B17: Tema | C17: Subtema
A18: 1 | B18: =IFERROR(__xludf.DUMMYFUNCTION("FILTER('Diseño Curricular'!D:D,'Diseño Curricular'!G:G=$B$3)"),"La gestión del conocimiento") -> La gestión del conocimiento | C18: =IFERROR(__xludf.DUMMYFUNCTION("FILTER('Diseño Curricular'!E:E,'Diseño Curricular'!G:G=$B$3)"),"Herramientas tecnológicas") -> Herramientas tecnológicas | D18: X
A19: 2 | B19: =IFERROR(__xludf.DUMMYFUNCTION("""COMPUTED_VALUE"""),"La gestión del conocimiento") -> La gestión del conocimiento | C19: =IFERROR(__xludf.DUMMYFUNCTION("""COMPUTED_VALUE"""),"Impacto en la organización") -> Impacto en la organización | D19: X
A20: 3 | B20: =IFERROR(__xludf.DUMMYFUNCTION("""COMPUTED_VALUE"""),"La gestión del conocimiento") -> La gestión del conocimiento | C20: =IFERROR(__xludf.DUMMYFUNCTION("""COMPUTED_VALUE"""),"Ejemplos de gestión del conocimiento") -> Ejemplos de gestión del conocimiento | D20: X | E20: X
A21: 4 | B21: =IFERROR(__xludf.DUMMYFUNCTION("""COMPUTED_VALUE"""),"La gestión del conocimiento") -> La gestión del conocimiento | C21: =IFERROR(__xludf.DUMMYFUNCTION("""COMPUTED_VALUE"""),"Estudio de caso") -> Estudio de caso | D21: X
A22: 5 | B22: =IFERROR(__xludf.DUMMYFUNCTION("""COMPUTED_VALUE"""),"La gestión del conocimiento") -> La gestión del conocimiento | C22: =IFERROR(__xludf.DUMMYFUNCTION("""COMPUTED_VALUE"""),"Futuro de la gestión del conocimiento") -> Futuro de la gestión del conocimiento | D22: X | F22: X
A23: 6 | B23: =IFERROR(__xludf.DUMMYFUNCTION("""COMPUTED_VALUE"""),"Papel estratégico de las TIC") -> Papel estratégico de las TIC | C23: =IFERROR(__xludf.DUMMYFUNCTION("""COMPUTED_VALUE"""),"Definición de TIC") -> Definición de TIC | D23: X | G23: X
A24: 7
G25: Sub total de tiempo | H25: =SUM(D16:G16) -> 85
A26: Marca con una x en recurso que planificas usar para impartir el conocimiento
A27: Otros : puedes modificarlo e indicar que recurso usarias por ejemplo simuladores
A29: Area de Habilidades
A30: Recordatorio
A31: Dentro de los 100 minutos de clase toma en cuenta incluir un tiempo para formar la habilidad del estudiante. Aprender haciendo.
A33: No. | B33: Tipo | C33: Ejercicio | D33: Practica | E33: Actividad | F33: Otros | G33: Cuestionario / Corto
B34: Tiempo Maximo | C34: 25 | D34: 25 | E34: 25 | F34: 25 | G34: 15
B35: Tiempo Planificado | C35: 5
B36: Ponderacion
B37: Competencia
A38: 1 | B38: contrasta ideas, soluciones y propuestas relacionadas con sistemas de información utilizando herramientas de comunicación efectiva con el fin de facilitar la colaboración y comprensión en la organización
A39: 2
A40: 3
A41: 4
A42: 5
A43: 6
A44: 7
G45: Sub total de tiempo | H45: =SUM(C35:G35) -> 5
A46: Marca con una x en recurso que planificas usar para impartir el conocimiento
A47: Otros : puedes modificarlo e indicar que recurso usarias por ejemplo exposiciones
A48: Cierre
A50: No. | F50: Tipo | G50: Dudas
A51: 1 | B51: Tiempo de resolución de dudas | F51: Tiempo Maximo | G51: 10
F52: Tiempo Planificado | G52: 10
G53: Sub total de tiempo | H53: =G52 -> 10

Sheet S.5
A1: Curso | B1: ='Diseño Curricular'!B1 -> 786 - Sistemas Organizacionales y Gerenciales 1
A3: Semana | B3: 5
A5: Valores | B5: Colaboración Valor: Trabajar juntos hacia un objetivo común.
A6: * Recuerda que las competencias tambien forman valores identifica el valor o valores que transmitiras esa semana
A8: Cronograma | B8: Para mantener la atención, es recomendable variar la dinámica de la clase cada cierto tiempo, integrando actividades como preguntas, ejercicios prácticos o discusiones en grupo. Esto es clave para la educación por competencias, ya que el aprendizaje debe ser activo y aplicado.
A11: Ponderacion | B11: =SUM(C36:G36) -> 0 | F11: Total de tiempo | H11: =H25+H45+H53 -> 100
A13: Area de conocimiento
C14: Tipo de Recurso | D14: Presentacion | E14: Video | F14: Lectura Explicativa | G14: Otros
C15: Tiempo Max | D15: 25 | E15: 10 | F15: 25 | G15: 25
C16: Tiempo Planificado | D16: 20 | E16: 5 | F16: 25 | G16: 25
A17: No. | B17: Tema | C17: Subtema
A18: 1 | B18: =IFERROR(__xludf.DUMMYFUNCTION("FILTER('Diseño Curricular'!D:D,'Diseño Curricular'!G:G=$B$3)"),"Papel estratégico de las TIC") -> Papel estratégico de las TIC | C18: =IFERROR(__xludf.DUMMYFUNCTION("FILTER('Diseño Curricular'!E:E,'Diseño Curricular'!G:G=$B$3)"),"Historia de las TIC") -> Historia de las TIC | D18: X | F18: X
A19: 2 | B19: =IFERROR(__xludf.DUMMYFUNCTION("""COMPUTED_VALUE"""),"Papel estratégico de las TIC") -> Papel estratégico de las TIC | C19: =IFERROR(__xludf.DUMMYFUNCTION("""COMPUTED_VALUE"""),"Tipos de TIC") -> Tipos de TIC | D19: X
A20: 3 | B20: =IFERROR(__xludf.DUMMYFUNCTION("""COMPUTED_VALUE"""),"Papel estratégico de las TIC") -> Papel estratégico de las TIC | C20: =IFERROR(__xludf.DUMMYFUNCTION("""COMPUTED_VALUE"""),"Importancia en la empresa") -> Importancia en la empresa | D20: X | E20: X
A21: 4 | B21: =IFERROR(__xludf.DUMMYFUNCTION("""COMPUTED_VALUE"""),"Papel estratégico de las TIC") -> Papel estratégico de las TIC | C21: =IFERROR(__xludf.DUMMYFUNCTION("""COMPUTED_VALUE"""),"Desafíos actuales") -> Desafíos actuales | D21: X
A22: 5 | B22: =IFERROR(__xludf.DUMMYFUNCTION("""COMPUTED_VALUE"""),"Papel estratégico de las TIC") -> Papel estratégico de las TIC | C22: =IFERROR(__xludf.DUMMYFUNCTION("""COMPUTED_VALUE"""),"Ejemplos de uso de TIC en empresas") -> Ejemplos de uso de TIC en empresas | D22: X
A23: 6 | B23: =IFERROR(__xludf.DUMMYFUNCTION("""COMPUTED_VALUE"""),"Papel estratégico de las TIC") -> Papel estratégico de las TIC | C23: =IFERROR(__xludf.DUMMYFUNCTION("""COMPUTED_VALUE"""),"Futuro de las TIC") -> Futuro de las TIC | D23: X | G23: X
A24: 7 | B24: =IFERROR(__xludf.DUMMYFUNCTION("""COMPUTED_VALUE"""),"Sistemas de información en negocios globales") -> Sistemas de información en negocios globales | C24: =IFERROR(__xludf.DUMMYFUNCTION("""COMPUTED_VALUE"""),"Definición de sistemas en negocios globales") -> Definición de sistemas en negocios globales | D24: X
G25: Sub total de tiempo | H25: =SUM(D16:G16) -> 75
A26: Marca con una x en recurso que planificas usar para impartir el conocimiento
A27: Otros : puedes modificarlo e indicar que recurso usarias por ejemplo simuladores
A29: Area de Habilidades
A30: Recordatorio
A31: Dentro de los 100 minutos de clase toma en cuenta incluir un tiempo para formar la habilidad del estudiante. Aprender haciendo.
A33: No. | B33: Tipo | C33: Ejercicio | D33: Practica | E33: Actividad | F33: Otros | G33: Cuestionario / Corto
B34: Tiempo Maximo | C34: 25 | D34: 25 | E34: 25 | F34: 25 | G34: 15
B35: Tiempo Planificado | C35: 15
B36: Ponderacion
B37: Competencia
A38: 1 | B38: contrasta ideas, soluciones y propuestas relacionadas con sistemas de información utilizando herramientas de comunicación efectiva con el fin de facilitar la colaboración y comprensión en la organización
A39: 2 | B39: valida metodologías de gestión del cambio y rediseño de procesos organizativos utilizando modelos de cambio organizativo y técnicas de reingeniería con el fin de garantizar la incorporación efectiva de las TIC
A40: 3
A41: 4
A42: 5
A43: 6
A44: 7
G45: Sub total de tiempo | H45: =SUM(C35:G35) -> 15
A46: Marca con una x en recurso que planificas usar para impartir el conocimiento
A47: Otros : puedes modificarlo e indicar que recurso usarias por ejemplo exposiciones
A48: Cierre
A50: No. | F50: Tipo | G50: Dudas
A51: 1 | B51: Tiempo de resolución de dudas | F51: Tiempo Maximo | G51: 10
F52: Tiempo Planificado | G52: 10
G53: Sub total de tiempo | H53: =G52 -> 10

Sheet S.6
A1: 7 | B1: ='Diseño Curricular'!B1 -> 786 - Sistemas Organizacionales y Gerenciales 1
A3: Semana | B3: 6
A5: Valores | B5: Innovación: Fomentar la capacidad de adaptarse a los cambios tecnológicos y proponer soluciones creativas en un entorno empresarial global.
A6: * Recuerda que las competencias tambien forman valores identifica el valor o valores que transmitiras esa semana
A8: Cronograma | B8: Para mantener la atención, es recomendable variar la dinámica de la clase cada cierto tiempo, integrando actividades como preguntas, ejercicios prácticos o discusiones en grupo. Esto es clave para la educación por competencias, ya que el aprendizaje debe ser activo y aplicado.
A11: Ponderacion | B11: =SUM(C36:G36) -> 0 | F11: Total de tiempo | H11: =H25+H45+H53 -> 100
A13: Area de conocimiento
C14: Tipo de Recurso | D14: Presentacion | E14: Video | F14: Lectura Explicativa | G14: Otros
C15: Tiempo Max | D15: 25 | E15: 10 | F15: 25 | G15: 25
C16: Tiempo Planificado | D16: 25 | E16: 10 | F16: 25 | G16: 25
A17: No. | B17: Tema | C17: Subtema
A18: 1 | B18: =IFERROR(__xludf.DUMMYFUNCTION("FILTER('Diseño Curricular'!D:D,'Diseño Curricular'!G:G=$B$3)"),"Sistemas de información en negocios globales") -> Sistemas de información en negocios globales | C18: =IFERROR(__xludf.DUMMYFUNCTION("FILTER('Diseño Curricular'!E:E,'Diseño Curricular'!G:G=$B$3)"),"Impacto en la globalización") -> Impacto en la globalización | D18: X | E18: X
A19: 2 | B19: =IFERROR(__xludf.DUMMYFUNCTION("""COMPUTED_VALUE"""),"Sistemas de información en negocios globales") -> Sistemas de información en negocios globales | C19: =IFERROR(__xludf.DUMMYFUNCTION("""COMPUTED_VALUE"""),"Ejemplos de implementación") -> Ejemplos de implementación | D19: X | G19: X
A20: 3 | B20: =IFERROR(__xludf.DUMMYFUNCTION("""COMPUTED_VALUE"""),"Sistemas de información en negocios globales") -> Sistemas de información en negocios globales | C20: =IFERROR(__xludf.DUMMYFUNCTION("""COMPUTED_VALUE"""),"Desafíos en la integración") -> Desafíos en la integración | D20: X
A21: 4 | B21: =IFERROR(__xludf.DUMMYFUNCTION("""COMPUTED_VALUE"""),"Sistemas de información en negocios globales") -> Sistemas de información en negocios globales | C21: =IFERROR(__xludf.DUMMYFUNCTION("""COMPUTED_VALUE"""),"Herramientas tecnológicas") -> Herramientas tecnológicas | D21: X
A22: 5 | B22: =IFERROR(__xludf.DUMMYFUNCTION("""COMPUTED_VALUE"""),"Sistemas de información en negocios globales") -> Sistemas de información en negocios globales | C22: =IFERROR(__xludf.DUMMYFUNCTION("""COMPUTED_VALUE"""),"Impacto en la cultura empresarial") -> Impacto en la cultura empresarial | D22: X
A23: 6 | B23: =IFERROR(__xludf.DUMMYFUNCTION("""COMPUTED_VALUE"""),"Sistemas de información en negocios globales") -> Sistemas de información en negocios globales | C23: =IFERROR(__xludf.DUMMYFUNCTION("""COMPUTED_VALUE"""),"Futuro de los negocios globales") -> Futuro de los negocios globales | D23: X | F23: X
A24: 7 | B24: =IFERROR(__xludf.DUMMYFUNCTION("""COMPUTED_VALUE"""),"Global e-business y colaboración") -> Global e-business y colaboración | C24: =IFERROR(__xludf.DUMMYFUNCTION("""COMPUTED_VALUE"""),"Definición de e-business") -> Definición de e-business | D24: X | E24: X
G25: Sub total de tiempo | H25: =SUM(D16:G16) -> 85
A26: Marca con una x en recurso que planificas usar para impartir el conocimiento
A27: Otros : puedes modificarlo e indicar que recurso usarias por ejemplo simuladores
A29: Area de Habilidades
A30: Recordatorio
A31: Dentro de los 100 minutos de clase toma en cuenta incluir un tiempo para formar la habilidad del estudiante. Aprender haciendo.
A33: No. | B33: Tipo | C33: Ejercicio | D33: Practica | E33: Actividad | F33: Otros | G33: Cuestionario / Corto
B34: Tiempo Maximo | C34: 25 | D34: 25 | E34: 25 | F34: 25 | G34: 15
B35: Tiempo Planificado | C35: 5
B36: Ponderacion | C36: 0
B37: Competencia
A38: 1 | B38: integra sistemas de información organizacionales (ERP, SCM, CRM) utilizando tecnologías de información y comunicación con el fin de apoyar la transformación digital y mejorar la toma de decisiones estratégicas | C38: X
A39: 2 | B39: moviliza habilidades de pensamiento crítico y resolución de problemas utilizando estudios de caso empresariales con el fin de fortalecer la toma de decisiones en entornos organizacionales | C39: X
A40: 3
A41: 4
A42: 5
A43: 6
A44: 7
G45: Sub total de tiempo | H45: =SUM(C35:G35) -> 5
A46: Marca con una x en recurso que planificas usar para impartir el conocimiento
A47: Otros : puedes modificarlo e indicar que recurso usarias por ejemplo exposiciones
A48: Cierre
A50: No. | F50: Tipo | G50: Dudas
B51: Resolver Dudas | F51: Tiempo Maximo | G51: 10
F52: Tiempo Planificado | G52: 10
G53: Sub total de tiempo | H53: =G52 -> 10

Sheet S.7
A1: Curso | B1: ='Diseño Curricular'!B1 -> 786 - Sistemas Organizacionales y Gerenciales 1
A3: Semana | B3: 7
A5: Valores | B5: Responsabilidad: Promover la responsabilidad como valor clave al participar en entornos digitales y colaborativos, asumiendo compromisos éticos, profesionales y sociales al implementar o usar tecnologías en los negocios.
A6: * Recuerda que las competencias tambien forman valores identifica el valor o valores que transmitiras esa semana
A8: Cronograma | B8: Para mantener la atención, es recomendable variar la dinámica de la clase cada cierto tiempo, integrando actividades como preguntas, ejercicios prácticos o discusiones en grupo. Esto es clave para la educación por competencias, ya que el aprendizaje debe ser activo y aplicado.
A11: Ponderacion | B11: =SUM(C36:G36) -> 0 | F11: Total de tiempo | H11: =H25+H45+H53 -> 100
A13: Area de conocimiento
C14: Tipo de Recurso | D14: Presentacion | E14: Video | F14: Lectura Explicativa | G14: Otros
C15: Tiempo Max | D15: 25 | E15: 10 | F15: 25 | G15: 25
C16: Tiempo Planificado | D16: 25 | E16: 10 | F16: 25 | G16: 25
A17: No. | B17: Tema | C17: Subtema
A18: 1 | B18: =IFERROR(__xludf.DUMMYFUNCTION("FILTER('Diseño Curricular'!D:D,'Diseño Curricular'!G:G=$B$3)"),"Global e-business y colaboración") -> Global e-business y colaboración | C18: =IFERROR(__xludf.DUMMYFUNCTION("FILTER('Diseño Curricular'!E:E,'Diseño Curricular'!G:G=$B$3)"),"Estrategias de colaboración") -> Estrategias de colaboración | D18: X | E18: X
A19: 2 | B19: =IFERROR(__xludf.DUMMYFUNCTION("""COMPUTED_VALUE"""),"Global e-business y colaboración") -> Global e-business y colaboración | C19: =IFERROR(__xludf.DUMMYFUNCTION("""COMPUTED_VALUE"""),"Ejemplos de e-business") -> Ejemplos de e-business | D19: X | F19: X
A20: 3 | B20: =IFERROR(__xludf.DUMMYFUNCTION("""COMPUTED_VALUE"""),"Global e-business y colaboración") -> Global e-business y colaboración | C20: =IFERROR(__xludf.DUMMYFUNCTION("""COMPUTED_VALUE"""),"Herramientas para e-business") -> Herramientas para e-business | D20: X | E20: X | G20: X
A21: 4 | B21: =IFERROR(__xludf.DUMMYFUNCTION("""COMPUTED_VALUE"""),"Global e-business y colaboración") -> Global e-business y colaboración | C21: =IFERROR(__xludf.DUMMYFUNCTION("""COMPUTED_VALUE"""),"Casos de éxito") -> Casos de éxito | D21: X | F21: X
A22: 5 | B22: =IFERROR(__xludf.DUMMYFUNCTION("""COMPUTED_VALUE"""),"Global e-business y colaboración") -> Global e-business y colaboración | C22: =IFERROR(__xludf.DUMMYFUNCTION("""COMPUTED_VALUE"""),"Desafíos en e-business") -> Desafíos en e-business | D22: X | F22: X
A23: 6 | B23: =IFERROR(__xludf.DUMMYFUNCTION("""COMPUTED_VALUE"""),"Global e-business y colaboración") -> Global e-business y colaboración | C23: =IFERROR(__xludf.DUMMYFUNCTION("""COMPUTED_VALUE"""),"Futuro del e-business") -> Futuro del e-business | D23: X | F23: X
A24: 7 | B24: =IFERROR(__xludf.DUMMYFUNCTION("""COMPUTED_VALUE"""),"Problemas éticos y sociales en sistemas") -> Problemas éticos y sociales en sistemas | C24: =IFERROR(__xludf.DUMMYFUNCTION("""COMPUTED_VALUE"""),"Definición de problemas éticos") -> Definición de problemas éticos | D24: X | G24: X
G25: Sub total de tiempo | H25: =SUM(D16:G16) -> 85
A26: Marca con una x en recurso que planificas usar para impartir el conocimiento
A27: Otros : puedes modificarlo e indicar que recurso usarias por ejemplo simuladores
A29: Area de Habilidades
A30: Recordatorio
A31: Dentro de los 100 minutos de clase toma en cuenta incluir un tiempo para formar la habilidad del estudiante. Aprender haciendo.
A33: No. | B33: Tipo | C33: Ejercicio | D33: Practica | E33: Actividad | F33: Otros | G33: Cuestionario / Corto
B34: Tiempo Maximo | C34: 25 | D34: 25 | E34: 25 | F34: 25 | G34: 15
B35: Tiempo Planificado | C35: 5
B36: Ponderacion | C36: 0
B37: Competencia
A38: 1 | B38: diseña soluciones de sistemas de información geográfica (GIS) y de inteligencia de negocios (BI) utilizando software especializado con el fin de optimizar la visualización y análisis de datos estratégicos | C38: x
A39: 2 | B39: combina técnicas de trabajo en equipo y colaboración interdisciplinaria empleando metodologías ágiles de gestión de proyectos con el fin de fomentar la innovación y eficiencia organizacional | C39: x
A40: 3
A41: 4
A42: 5
A43: 6
A44: 7
G45: Sub total de tiempo | H45: =SUM(C35:G35) -> 5
A46: Marca con una x en recurso que planificas usar para impartir el conocimiento
A47: Otros : puedes modificarlo e indicar que recurso usarias por ejemplo exposiciones
A48: Cierre
A50: No. | F50: Tipo | G50: Dudas
A51: 1 | B51: Dudas Proyecto/practica | F51: Tiempo Maximo | G51: 10
F52: Tiempo Planificado | G52: 10
G53: Sub total de tiempo | H53: =G52 -> 10

Sheet S.8
A1: Curso | B1: ='Diseño Curricular'!B1 -> 786 - Sistemas Organizacionales y Gerenciales 1
A3: Semana | B3: 8
A5: Valores | B5: Integriadad: Fomentar la integridad como principio clave en el uso, diseño e implementación de tecnologías, promoviendo la honestidad, la ética profesional y la coherencia entre valores y acciones en el ámbito digital.
A6: * Recuerda que las competencias tambien forman valores identifica el valor o valores que transmitiras esa semana
A8: Cronograma | B8: Para mantener la atención, es recomendable variar la dinámica de la clase cada cierto tiempo, integrando actividades como preguntas, ejercicios prácticos o discusiones en grupo. Esto es clave para la educación por competencias, ya que el aprendizaje debe ser activo y aplicado.
A11: Ponderacion | B11: =SUM(C36:G36) -> 0 | F11: Total de tiempo | H11: =H25+H45+H53 -> 100
A13: Area de conocimiento
C14: Tipo de Recurso | D14: Presentacion | E14: Video | F14: Lectura Explicativa | G14: Otros
C15: Tiempo Max | D15: 25 | E15: 10 | F15: 25 | G15: 25
C16: Tiempo Planificado | D16: 25 | E16: 10 | F16: 25 | G16: 25
A17: No. | B17: Tema | C17: Subtema
A18: 1 | B18: =IFERROR(__xludf.DUMMYFUNCTION("FILTER('Diseño Curricular'!D:D,'Diseño Curricular'!G:G=$B$3)"),"Problemas éticos y sociales en sistemas") -> Problemas éticos y sociales en sistemas | C18: =IFERROR(__xludf.DUMMYFUNCTION("FILTER('Diseño Curricular'!E:E,'Diseño Curricular'!G:G=$B$3)"),"Ejemplos de problemas éticos") -> Ejemplos de problemas éticos | D18: X | G18: X
A19: 2 | B19: =IFERROR(__xludf.DUMMYFUNCTION("""COMPUTED_VALUE"""),"Problemas éticos y sociales en sistemas") -> Problemas éticos y sociales en sistemas | C19: =IFERROR(__xludf.DUMMYFUNCTION("""COMPUTED_VALUE"""),"Impacto social de las TIC") -> Impacto social de las TIC | D19: X | E19: X | F19: X
A20: 3 | B20: =IFERROR(__xludf.DUMMYFUNCTION("""COMPUTED_VALUE"""),"Problemas éticos y sociales en sistemas") -> Problemas éticos y sociales en sistemas | C20: =IFERROR(__xludf.DUMMYFUNCTION("""COMPUTED_VALUE"""),"Casos de estudio") -> Casos de estudio | D20: X | G20: X
A21: 4 | B21: =IFERROR(__xludf.DUMMYFUNCTION("""COMPUTED_VALUE"""),"Problemas éticos y sociales en sistemas") -> Problemas éticos y sociales en sistemas | C21: =IFERROR(__xludf.DUMMYFUNCTION("""COMPUTED_VALUE"""),"Desafíos éticos en la implementación") -> Desafíos éticos en la implementación | D21: X
A22: 5 | B22: =IFERROR(__xludf.DUMMYFUNCTION("""COMPUTED_VALUE"""),"Problemas éticos y sociales en sistemas") -> Problemas éticos y sociales en sistemas | C22: =IFERROR(__xludf.DUMMYFUNCTION("""COMPUTED_VALUE"""),"Futuro de la ética en TIC") -> Futuro de la ética en TIC | D22: X | F22: X
A23: 6 | B23: =IFERROR(__xludf.DUMMYFUNCTION("""COMPUTED_VALUE"""),"Problemas éticos y sociales en sistemas") -> Problemas éticos y sociales en sistemas | C23: =IFERROR(__xludf.DUMMYFUNCTION("""COMPUTED_VALUE"""),"Conclusiones sobre problemas éticos") -> Conclusiones sobre problemas éticos | D23: X
A24: 7 | B24: =IFERROR(__xludf.DUMMYFUNCTION("""COMPUTED_VALUE"""),"Clases de sistemas de información") -> Clases de sistemas de información | C24: =IFERROR(__xludf.DUMMYFUNCTION("""COMPUTED_VALUE"""),"Sistemas funcionales") -> Sistemas funcionales | D24: X | E24: X
B25: =IFERROR(__xludf.DUMMYFUNCTION("""COMPUTED_VALUE"""),"Clases de sistemas de información") -> Clases de sistemas de información | C25: =IFERROR(__xludf.DUMMYFUNCTION("""COMPUTED_VALUE"""),"ERP") -> ERP | G25: Sub total de tiempo | H25: =SUM(D16:G16) -> 85
A26: Marca con una x en recurso que planificas usar para impartir el conocimiento
A27: Otros : puedes modificarlo e indicar que recurso usarias por ejemplo simuladores
A29: Area de Habilidades
A30: Recordatorio
A31: Dentro de los 100 minutos de clase toma en cuenta incluir un tiempo para formar la habilidad del estudiante. Aprender haciendo.
A33: No. | B33: Tipo | C33: Ejercicio | D33: Practica | E33: Actividad | F33: Otros | G33: Cuestionario / Corto
B34: Tiempo Maximo | C34: 25 | D34: 25 | E34: 25 | F34: 25 | G34: 15
B35: Tiempo Planificado | C35: 5
B36: Ponderacion | C36: 0
B37: Competencia
A38: 1 | B38: combina técnicas de trabajo en equipo y colaboración interdisciplinaria empleando metodologías ágiles de gestión de proyectos con el fin de fomentar la innovación y eficiencia organizacional | C38: X
A39: 2 | B39: moviliza habilidades de pensamiento crítico y resolución de problemas utilizando estudios de caso empresariales con el fin de fortalecer la toma de decisiones en entornos organizacionales | C39: X
A40: 3
A41: 4
A42: 5
A43: 6
A44: 7
G45: Sub total de tiempo | H45: =SUM(C35:G35) -> 5
A46: Marca con una x en recurso que planificas usar para impartir el conocimiento
A47: Otros : puedes modificarlo e indicar que recurso usarias por ejemplo exposiciones
A48: Cierre
A50: No. | F50: Tipo | G50: Dudas
A51: 1 | B51: Dudas practica/proyecto | F51: Tiempo Maximo | G51: 10
F52: Tiempo Planificado | G52: 10
G53: Sub total de tiempo | H53: =G52 -> 10

Sheet S.9
A1: Curso | B1: ='Diseño Curricular'!B1 -> 786 - Sistemas Organizacionales y Gerenciales 1
A3: Semana | B3: 9
A5: Valores | B5: Eficiencia: Promover la eficiencia como valor esencial al diseñar, integrar y utilizar sistemas de información, buscando siempre optimizar recursos, procesos y resultados dentro de una organización.
A6: * Recuerda que las competencias tambien forman valores identifica el valor o valores que transmitiras esa semana
A8: Cronograma | B8: Para mantener la atención, es recomendable variar la dinámica de la clase cada cierto tiempo, integrando actividades como preguntas, ejercicios prácticos o discusiones en grupo. Esto es clave para la educación por competencias, ya que el aprendizaje debe ser activo y aplicado.
A11: Ponderacion | B11: =SUM(C41:G41) -> 0 | F11: Total de tiempo | H11: =H30+H50+H58 -> 100
A13: Area de conocimiento
C14: Tipo de Recurso | D14: Presentacion | E14: Video | F14: Lectura Explicativa | G14: Otros
C15: Tiempo Max | D15: 25 | E15: 10 | F15: 25 | G15: 25
C16: Tiempo Planificado | D16: 25 | E16: 10 | F16: 25 | G16: 25
A17: No. | B17: Tema | C17: Subtema
A18: 1 | B18: =IFERROR(__xludf.DUMMYFUNCTION("FILTER('Diseño Curricular'!D:D,'Diseño Curricular'!G:G=$B$3)"),"Clases de sistemas de información") -> Clases de sistemas de información | C18: =IFERROR(__xludf.DUMMYFUNCTION("FILTER('Diseño Curricular'!E:E,'Diseño Curricular'!G:G=$B$3)"),"SCM") -> SCM | D18: x | E18: x | G18: x
A19: 2 | B19: =IFERROR(__xludf.DUMMYFUNCTION("""COMPUTED_VALUE"""),"Clases de sistemas de información") -> Clases de sistemas de información | C19: =IFERROR(__xludf.DUMMYFUNCTION("""COMPUTED_VALUE"""),"CRM") -> CRM | D19: x | E19: x | G19: x
A20: 3 | B20: =IFERROR(__xludf.DUMMYFUNCTION("""COMPUTED_VALUE"""),"Clases de sistemas de información") -> Clases de sistemas de información | C20: =IFERROR(__xludf.DUMMYFUNCTION("""COMPUTED_VALUE"""),"Sistemas distribuidos") -> Sistemas distribuidos | D20: x
A21: 4 | B21: =IFERROR(__xludf.DUMMYFUNCTION("""COMPUTED_VALUE"""),"Clases de sistemas de información") -> Clases de sistemas de información | C21: =IFERROR(__xludf.DUMMYFUNCTION("""COMPUTED_VALUE"""),"GIS") -> GIS | D21: x | E21: x | G21: x
A22: 5 | B22: =IFERROR(__xludf.DUMMYFUNCTION("""COMPUTED_VALUE"""),"Clases de sistemas de información") -> Clases de sistemas de información | C22: =IFERROR(__xludf.DUMMYFUNCTION("""COMPUTED_VALUE"""),"Conclusiones sobre clases de sistemas") -> Conclusiones sobre clases de sistemas | D22: x
A23: 6 | B23: =IFERROR(__xludf.DUMMYFUNCTION("""COMPUTED_VALUE"""),"Integración de sistemas") -> Integración de sistemas | C23: =IFERROR(__xludf.DUMMYFUNCTION("""COMPUTED_VALUE"""),"Definición de integración") -> Definición de integración | D23: x
A24: 7 | B24: =IFERROR(__xludf.DUMMYFUNCTION("""COMPUTED_VALUE"""),"Integración de sistemas") -> Integración de sistemas | C24: =IFERROR(__xludf.DUMMYFUNCTION("""COMPUTED_VALUE"""),"Beneficios de la integración") -> Beneficios de la integración | D24: x
A25: 8 | B25: =IFERROR(__xludf.DUMMYFUNCTION("""COMPUTED_VALUE"""),"Integración de sistemas") -> Integración de sistemas | C25: =IFERROR(__xludf.DUMMYFUNCTION("""COMPUTED_VALUE"""),"Ejemplos de integración") -> Ejemplos de integración | F25: x
A26: 9 | B26: =IFERROR(__xludf.DUMMYFUNCTION("""COMPUTED_VALUE"""),"Integración de sistemas") -> Integración de sistemas | C26: =IFERROR(__xludf.DUMMYFUNCTION("""COMPUTED_VALUE"""),"Herramientas de integración") -> Herramientas de integración | F26: x
A27: 10 | B27: =IFERROR(__xludf.DUMMYFUNCTION("""COMPUTED_VALUE"""),"Integración de sistemas") -> Integración de sistemas | C27: =IFERROR(__xludf.DUMMYFUNCTION("""COMPUTED_VALUE"""),"Desafíos en la integración") -> Desafíos en la integración | F27: x
A28: 11 | B28: =IFERROR(__xludf.DUMMYFUNCTION("""COMPUTED_VALUE"""),"Integración de sistemas") -> Integración de sistemas | C28: =IFERROR(__xludf.DUMMYFUNCTION("""COMPUTED_VALUE"""),"Impacto en la eficiencia organizacional") -> Impacto en la eficiencia organizacional | F28: x
A29: 12 | B29: =IFERROR(__xludf.DUMMYFUNCTION("""COMPUTED_VALUE"""),"Integración de sistemas") -> Integración de sistemas | C29: =IFERROR(__xludf.DUMMYFUNCTION("""COMPUTED_VALUE"""),"Futuro de la integración") -> Futuro de la integración | F29: x
B30: =IFERROR(__xludf.DUMMYFUNCTION("""COMPUTED_VALUE"""),"Arquitectura de sistemas") -> Arquitectura de sistemas | C30: =IFERROR(__xludf.DUMMYFUNCTION("""COMPUTED_VALUE"""),"Definición de arquitectura de sistemas") -> Definición de arquitectura de sistemas | G30: Sub total de tiempo | H30: =SUM(D16:G16) -> 85
A31: Marca con una x en recurso que planificas usar para impartir el conocimiento | B31: =IFERROR(__xludf.DUMMYFUNCTION("""COMPUTED_VALUE"""),"Arquitectura de sistemas") -> Arquitectura de sistemas | C31: =IFERROR(__xludf.DUMMYFUNCTION("""COMPUTED_VALUE"""),"Tipos de arquitectura") -> Tipos de arquitectura
A32: Otros : puedes modificarlo e indicar que recurso usarias por ejemplo simuladores
A34: Area de Habilidades
A35: Recordatorio
A36: Dentro de los 100 minutos de clase toma en cuenta incluir un tiempo para formar la habilidad del estudiante. Aprender haciendo.
A38: No. | B38: Tipo | C38: Ejercicio | D38: Practica | E38: Actividad | F38: Otros | G38: Cuestionario / Corto
B39: Tiempo Maximo | C39: 25 | D39: 25 | E39: 25 | F39: 25 | G39: 15
B40: Tiempo Planificado | C40: 5
B41: Ponderacion | C41: 0
B42: Competencia
A43: 1 | B43: integra sistemas de información organizacionales (ERP, SCM, CRM) utilizando tecnologías de información y comunicación con el fin de apoyar la transformación digital y mejorar la toma de decisiones estratégicas | C43: x
A44: 2 | B44: diseña soluciones de sistemas de información geográfica (GIS) y de inteligencia de negocios (BI) utilizando software especializado con el fin de optimizar la visualización y análisis de datos estratégicos | C44: x
A45: 3 | B45: valida metodologías de gestión del cambio y rediseño de procesos organizativos utilizando modelos de cambio organizativo y técnicas de reingeniería con el fin de garantizar la incorporación efectiva de las TIC | C45: x
A46: 4
A47: 5
A48: 6
A49: 7
G50: Sub total de tiempo | H50: =SUM(C40:G40) -> 5
A51: Marca con una x en recurso que planificas usar para impartir el conocimiento
A52: Otros : puedes modificarlo e indicar que recurso usarias por ejemplo exposiciones
A53: Cierre
A55: No. | F55: Tipo | G55: Dudas
A56: 1 | B56: Dudas Proyecto/practica | F56: Tiempo Maximo | G56: 10
F57: Tiempo Planificado | G57: 10
G58: Sub total de tiempo | H58: =G57 -> 10

Sheet S.10
A1: Curso | B1: ='Diseño Curricular'!B1 -> 786 - Sistemas Organizacionales y Gerenciales 1
A3: Semana | B3: 10
A5: Valores | B5: Planificación: Fomentar la planificación como valor clave para desarrollar, mantener y evolucionar sistemas de información de forma ordenada, sostenible y alineada con los objetivos de la organización.
A6: * Recuerda que las competencias tambien forman valores identifica el valor o valores que transmitiras esa semana
A8: Cronograma | B8: Para mantener la atención, es recomendable variar la dinámica de la clase cada cierto tiempo, integrando actividades como preguntas, ejercicios prácticos o discusiones en grupo. Esto es clave para la educación por competencias, ya que el aprendizaje debe ser activo y aplicado.
A11: Ponderacion | B11: =SUM(C41:G41) -> 0 | F11: Total de tiempo | H11: =H30+H50+H58 -> 100
A13: Area de conocimiento
C14: Tipo de Recurso | D14: Presentacion | E14: Video | F14: Lectura Explicativa | G14: Otros
C15: Tiempo Max | D15: 25 | E15: 10 | F15: 25 | G15: 25
C16: Tiempo Planificado | D16: 25 | E16: 10 | F16: 25 | G16: 25
A17: No. | B17: Tema | C17: Subtema
A18: 1 | B18: =IFERROR(__xludf.DUMMYFUNCTION("FILTER('Diseño Curricular'!D:D,'Diseño Curricular'!G:G=$B$3)"),"Arquitectura de sistemas") -> Arquitectura de sistemas | C18: =IFERROR(__xludf.DUMMYFUNCTION("FILTER('Diseño Curricular'!E:E,'Diseño Curricular'!G:G=$B$3)"),"Ejemplos de arquitecturas") -> Ejemplos de arquitecturas | D18: x | E18: x
A19: 2 | B19: =IFERROR(__xludf.DUMMYFUNCTION("""COMPUTED_VALUE"""),"Arquitectura de sistemas") -> Arquitectura de sistemas | C19: =IFERROR(__xludf.DUMMYFUNCTION("""COMPUTED_VALUE"""),"Herramientas para arquitecturas") -> Herramientas para arquitecturas | D19: x
A20: 3 | B20: =IFERROR(__xludf.DUMMYFUNCTION("""COMPUTED_VALUE"""),"Arquitectura de sistemas") -> Arquitectura de sistemas | C20: =IFERROR(__xludf.DUMMYFUNCTION("""COMPUTED_VALUE"""),"Impacto en la organización") -> Impacto en la organización | F20: x | G20: x
A21: 4 | B21: =IFERROR(__xludf.DUMMYFUNCTION("""COMPUTED_VALUE"""),"Arquitectura de sistemas") -> Arquitectura de sistemas | C21: =IFERROR(__xludf.DUMMYFUNCTION("""COMPUTED_VALUE"""),"Futuro de la arquitectura de sistemas") -> Futuro de la arquitectura de sistemas | F21: x
A22: 5 | B22: =IFERROR(__xludf.DUMMYFUNCTION("""COMPUTED_VALUE"""),"Arquitectura de sistemas") -> Arquitectura de sistemas | C22: =IFERROR(__xludf.DUMMYFUNCTION("""COMPUTED_VALUE"""),"Conclusiones sobre arquitectura") -> Conclusiones sobre arquitectura | D22: x
A23: 6 | B23: =IFERROR(__xludf.DUMMYFUNCTION("""COMPUTED_VALUE"""),"El ciclo de vida de un sistema") -> El ciclo de vida de un sistema | C23: =IFERROR(__xludf.DUMMYFUNCTION("""COMPUTED_VALUE"""),"Definición del ciclo de vida") -> Definición del ciclo de vida | F23: x
A24: 7 | B24: =IFERROR(__xludf.DUMMYFUNCTION("""COMPUTED_VALUE"""),"El ciclo de vida de un sistema") -> El ciclo de vida de un sistema | C24: =IFERROR(__xludf.DUMMYFUNCTION("""COMPUTED_VALUE"""),"Etapas del ciclo de vida") -> Etapas del ciclo de vida | F24: x
A25: 8 | B25: =IFERROR(__xludf.DUMMYFUNCTION("""COMPUTED_VALUE"""),"El ciclo de vida de un sistema") -> El ciclo de vida de un sistema | C25: =IFERROR(__xludf.DUMMYFUNCTION("""COMPUTED_VALUE"""),"Herramientas para el ciclo de vida") -> Herramientas para el ciclo de vida | D25: x
A26: 9 | B26: =IFERROR(__xludf.DUMMYFUNCTION("""COMPUTED_VALUE"""),"El ciclo de vida de un sistema") -> El ciclo de vida de un sistema | C26: =IFERROR(__xludf.DUMMYFUNCTION("""COMPUTED_VALUE"""),"Importancia del ciclo de vida") -> Importancia del ciclo de vida | D26: x
A27: 10 | B27: =IFERROR(__xludf.DUMMYFUNCTION("""COMPUTED_VALUE"""),"El ciclo de vida de un sistema") -> El ciclo de vida de un sistema | C27: =IFERROR(__xludf.DUMMYFUNCTION("""COMPUTED_VALUE"""),"Ejemplos de aplicación") -> Ejemplos de aplicación | F27: x
A28: 11 | B28: =IFERROR(__xludf.DUMMYFUNCTION("""COMPUTED_VALUE"""),"El ciclo de vida de un sistema") -> El ciclo de vida de un sistema | C28: =IFERROR(__xludf.DUMMYFUNCTION("""COMPUTED_VALUE"""),"Desafíos en el ciclo de vida") -> Desafíos en el ciclo de vida | E28: x
A29: 12 | B29: =IFERROR(__xludf.DUMMYFUNCTION("""COMPUTED_VALUE"""),"El ciclo de vida de un sistema") -> El ciclo de vida de un sistema | C29: =IFERROR(__xludf.DUMMYFUNCTION("""COMPUTED_VALUE"""),"Futuro del ciclo de vida") -> Futuro del ciclo de vida | D29: x | G29: x
G30: Sub total de tiempo | H30: =SUM(D16:G16) -> 85
A31: Marca con una x en recurso que planificas usar para impartir el conocimiento
A32: Otros : puedes modificarlo e indicar que recurso usarias por ejemplo simuladores
A34: Area de Habilidades
A35: Recordatorio
A36: Dentro de los 100 minutos de clase toma en cuenta incluir un tiempo para formar la habilidad del estudiante. Aprender haciendo.
A38: No. | B38: Tipo | C38: Ejercicio | D38: Practica | E38: Actividad | F38: Otros | G38: Cuestionario / Corto
B39: Tiempo Maximo | C39: 25 | D39: 25 | E39: 25 | F39: 25 | G39: 15
B40: Tiempo Planificado | C40: 5
B41: Ponderacion | C41: 0
B42: Competencia
A43: 1 | B43: revisa la evolución de los sistemas de información en la empresa mediante el análisis de casos históricos y actuales con el fin de identificar tendencias y áreas de mejora | C43: x
A44: 2 | B44: valida metodologías de gestión del cambio y rediseño de procesos organizativos utilizando modelos de cambio organizativo y técnicas de reingeniería con el fin de garantizar la incorporación efectiva de las TIC | C44: x
A45: 3 | B45: moviliza habilidades de pensamiento crítico y resolución de problemas utilizando estudios de caso empresariales con el fin de fortalecer la toma de decisiones en entornos organizacionales | C45: x
A46: 4
A47: 5
A48: 6
A49: 7
G50: Sub total de tiempo | H50: =SUM(C40:G40) -> 5
A51: Marca con una x en recurso que planificas usar para impartir el conocimiento
A52: Otros : puedes modificarlo e indicar que recurso usarias por ejemplo exposiciones
A53: Cierre
A55: No. | F55: Tipo | G55: Dudas
A56: 1 | B56: dudas proyecto/practica | F56: Tiempo Maximo | G56: 10
F57: Tiempo Planificado | G57: 10
G58: Sub total de tiempo | H58: =G57 -> 10

Sheet S.11
A1: Curso | B1: ='Diseño Curricular'!B1 -> 786 - Sistemas Organizacionales y Gerenciales 1
A3: Semana | B3: 11
A5: Valores | B5: Compromiso: Fomentar el compromiso como valor esencial en entornos educativos digitales, donde la motivación, la constancia y la participación activa son claves para el aprendizaje efectivo
A6: * Recuerda que las competencias tambien forman valores identifica el valor o valores que transmitiras esa semana
A8: Cronograma | B8: Para mantener la atención, es recomendable variar la dinámica de la clase cada cierto tiempo, integrando actividades como preguntas, ejercicios prácticos o discusiones en grupo. Esto es clave para la educación por competencias, ya que el aprendizaje debe ser activo y aplicado.
A11: Ponderacion | B11: =SUM(C38:G38) -> 0 | F11: Total de tiempo | H11: =H27+H47+H55 -> 100
A13: Area de conocimiento
C14: Tipo de Recurso | D14: Presentacion | E14: Video | F14: Lectura Explicativa | G14: Otros
C15: Tiempo Max | D15: 25 | E15: 10 | F15: 25 | G15: 25
C16: Tiempo Planificado | D16: 25 | E16: 10 | F16: 25 | G16: 25
A17: No. | B17: Tema | C17: Subtema
A18: 1 | B18: =IFERROR(__xludf.DUMMYFUNCTION("FILTER('Diseño Curricular'!D:D,'Diseño Curricular'!G:G=$B$3)"),"E-learning") -> E-learning | C18: =IFERROR(__xludf.DUMMYFUNCTION("FILTER('Diseño Curricular'!E:E,'Diseño Curricular'!G:G=$B$3)"),"Definición de e-learning") -> Definición de e-learning | D18: x | E18: x | G18: x
A19: 2 | B19: =IFERROR(__xludf.DUMMYFUNCTION("""COMPUTED_VALUE"""),"E-learning") -> E-learning | C19: =IFERROR(__xludf.DUMMYFUNCTION("""COMPUTED_VALUE"""),"Ventajas del e-learning") -> Ventajas del e-learning | D19: x
A20: 3 | B20: =IFERROR(__xludf.DUMMYFUNCTION("""COMPUTED_VALUE"""),"E-learning") -> E-learning | C20: =IFERROR(__xludf.DUMMYFUNCTION("""COMPUTED_VALUE"""),"Desafíos del e-learning") -> Desafíos del e-learning | D20: x | E20: x | F20: x
A21: 4 | B21: =IFERROR(__xludf.DUMMYFUNCTION("""COMPUTED_VALUE"""),"E-learning") -> E-learning | C21: =IFERROR(__xludf.DUMMYFUNCTION("""COMPUTED_VALUE"""),"Herramientas para e-learning") -> Herramientas para e-learning | F21: x
A22: 5 | B22: =IFERROR(__xludf.DUMMYFUNCTION("""COMPUTED_VALUE"""),"E-learning") -> E-learning | C22: =IFERROR(__xludf.DUMMYFUNCTION("""COMPUTED_VALUE"""),"Casos de éxito") -> Casos de éxito | D22: x | G22: x
A23: 6 | B23: =IFERROR(__xludf.DUMMYFUNCTION("""COMPUTED_VALUE"""),"E-learning") -> E-learning | C23: =IFERROR(__xludf.DUMMYFUNCTION("""COMPUTED_VALUE"""),"Futuro del e-learning") -> Futuro del e-learning | D23: x
A24: 7 | B24: =IFERROR(__xludf.DUMMYFUNCTION("""COMPUTED_VALUE"""),"E-learning") -> E-learning | C24: =IFERROR(__xludf.DUMMYFUNCTION("""COMPUTED_VALUE"""),"Conclusiones sobre e-learning") -> Conclusiones sobre e-learning | D24: x | G24: x
A25: 8 | B25: =IFERROR(__xludf.DUMMYFUNCTION("""COMPUTED_VALUE"""),"Gamificación en educación") -> Gamificación en educación | C25: =IFERROR(__xludf.DUMMYFUNCTION("""COMPUTED_VALUE"""),"Definición de plataformas educativas") -> Definición de plataformas educativas | D25: x | F25: x
A26: 9 | B26: =IFERROR(__xludf.DUMMYFUNCTION("""COMPUTED_VALUE"""),"Gamificación en educación") -> Gamificación en educación | C26: =IFERROR(__xludf.DUMMYFUNCTION("""COMPUTED_VALUE"""),"Ejemplos de plataformas educativas") -> Ejemplos de plataformas educativas | D26: x
B27: =IFERROR(__xludf.DUMMYFUNCTION("""COMPUTED_VALUE"""),"Gamificación en educación") -> Gamificación en educación | C27: =IFERROR(__xludf.DUMMYFUNCTION("""COMPUTED_VALUE"""),"Ventajas de las plataformas") -> Ventajas de las plataformas | G27: Sub total de tiempo | H27: =SUM(D16:G16) -> 85
A28: Marca con una x en recurso que planificas usar para impartir el conocimiento | B28: =IFERROR(__xludf.DUMMYFUNCTION("""COMPUTED_VALUE"""),"Gamificación en educación") -> Gamificación en educación | C28: =IFERROR(__xludf.DUMMYFUNCTION("""COMPUTED_VALUE"""),"Desafíos de las plataformas") -> Desafíos de las plataformas
A29: Otros : puedes modificarlo e indicar que recurso usarias por ejemplo simuladores | B29: =IFERROR(__xludf.DUMMYFUNCTION("""COMPUTED_VALUE"""),"Gamificación en educación") -> Gamificación en educación | C29: =IFERROR(__xludf.DUMMYFUNCTION("""COMPUTED_VALUE"""),"Futuro de las plataformas") -> Futuro de las plataformas
B30: =IFERROR(__xludf.DUMMYFUNCTION("""COMPUTED_VALUE"""),"Gamificación en educación") -> Gamificación en educación | C30: =IFERROR(__xludf.DUMMYFUNCTION("""COMPUTED_VALUE"""),"Casos de éxito") -> Casos de éxito
A31: Area de Habilidades | B31: =IFERROR(__xludf.DUMMYFUNCTION("""COMPUTED_VALUE"""),"Gamificación en educación") -> Gamificación en educación | C31: =IFERROR(__xludf.DUMMYFUNCTION("""COMPUTED_VALUE"""),"Conclusiones sobre plataformas") -> Conclusiones sobre plataformas
A32: Recordatorio
A33: Dentro de los 100 minutos de clase toma en cuenta incluir un tiempo para formar la habilidad del estudiante. Aprender haciendo.
A35: No. | B35: Tipo | C35: Ejercicio | D35: Practica | E35: Actividad | F35: Otros | G35: Cuestionario / Corto
B36: Tiempo Maximo | C36: 25 | D36: 25 | E36: 25 | F36: 25 | G36: 15
B37: Tiempo Planificado | C37: 5
B38: Ponderacion | C38: 0
B39: Competencia
A40: 1 | B40: contrasta ideas, soluciones y propuestas relacionadas con sistemas de información utilizando herramientas de comunicación efectiva con el fin de facilitar la colaboración y comprensión en la organización | C40: x
A41: 2 | B41: combina técnicas de trabajo en equipo y colaboración interdisciplinaria empleando metodologías ágiles de gestión de proyectos con el fin de fomentar la innovación y eficiencia organizacional | C41: x
A42: 3
A43: 4
A44: 5
A45: 6
A46: 7
G47: Sub total de tiempo | H47: =SUM(C37:G37) -> 5
A48: Marca con una x en recurso que planificas usar para impartir el conocimiento
A49: Otros : puedes modificarlo e indicar que recurso usarias por ejemplo exposiciones
A50: Cierre
A52: No. | F52: Tipo | G52: Dudas
A53: 1 | B53: dudas proyecto/practica | F53: Tiempo Maximo | G53: 10
F54: Tiempo Planificado | G54: 10
G55: Sub total de tiempo | H55: =G54 -> 10

Sheet S.12
A1: Curso | B1: ='Diseño Curricular'!B1 -> 786 - Sistemas Organizacionales y Gerenciales 1
A3: Semana | B3: 12
A5: Valores | B5: Compromiso: Fomentar el compromiso como valor esencial en entornos educativos digitales, donde la motivación, la constancia y la participación activa son claves para el aprendizaje efectivo
A6: * Recuerda que las competencias tambien forman valores identifica el valor o valores que transmitiras esa semana
A8: Cronograma | B8: Para mantener la atención, es recomendable variar la dinámica de la clase cada cierto tiempo, integrando actividades como preguntas, ejercicios prácticos o discusiones en grupo. Esto es clave para la educación por competencias, ya que el aprendizaje debe ser activo y aplicado.
A11: Ponderacion | B11: =SUM(C38:G38) -> 0 | F11: Total de tiempo | H11: =H27+H47+H55 -> 100
A13: Area de conocimiento
C14: Tipo de Recurso | D14: Presentacion | E14: Video | F14: Lectura Explicativa | G14: Otros
C15: Tiempo Max | D15: 25 | E15: 10 | F15: 25 | G15: 25
C16: Tiempo Planificado | D16: 25 | E16: 10 | F16: 25 | G16: 25
A17: No. | B17: Tema | C17: Subtema
A18: 1 | B18: =IFERROR(__xludf.DUMMYFUNCTION("FILTER('Diseño Curricular'!D:D,'Diseño Curricular'!G:G=$B$3)"),"#N/A") -> #N/A | C18: =IFERROR(__xludf.DUMMYFUNCTION("FILTER('Diseño Curricular'!E:E,'Diseño Curricular'!G:G=$B$3)"),"#N/A") -> #N/A | D18: x | E18: x | G18: x
A19: 2 | D19: x
A20: 3 | D20: x | E20: x | F20: x
A21: 4 | F21: x
A22: 5 | D22: x | G22: x
A23: 6 | D23: x
A24: 7 | D24: x | G24: x
A25: 8 | D25: x | F25: x
A26: 9 | D26: x
G27: Sub total de tiempo | H27: =SUM(D16:G16) -> 85
A28: Marca con una x en recurso que planificas usar para impartir el conocimiento
A29: Otros : puedes modificarlo e indicar que recurso usarias por ejemplo simuladores
A31: Area de Habilidades
A32: Recordatorio
A33: Dentro de los 100 minutos de clase toma en cuenta incluir un tiempo para formar la habilidad del estudiante. Aprender haciendo.
A35: No. | B35: Tipo | C35: Ejercicio | D35: Practica | E35: Actividad | F35: Otros | G35: Cuestionario / Corto
B36: Tiempo Maximo | C36: 25 | D36: 25 | E36: 25 | F36: 25 | G36: 15
B37: Tiempo Planificado | C37: 5
B38: Ponderacion | C38: 0
B39: Competencia
A40: 1 | B40: contrasta ideas, soluciones y propuestas relacionadas con sistemas de información utilizando herramientas de comunicación efectiva con el fin de facilitar la colaboración y comprensión en la organización | C40: x
A41: 2 | B41: combina técnicas de trabajo en equipo y colaboración interdisciplinaria empleando metodologías ágiles de gestión de proyectos con el fin de fomentar la innovación y eficiencia organizacional | C41: x
A42: 3
A43: 4
A44: 5
A45: 6
A46: 7
G47: Sub total de tiempo | H47: =SUM(C37:G37) -> 5
A48: Marca con una x en recurso que planificas usar para impartir el conocimiento
A49: Otros : puedes modificarlo e indicar que recurso usarias por ejemplo exposiciones
A50: Cierre
A52: No. | F52: Tipo | G52: Dudas
A53: 1 | B53: dudas proyecto/practica | F53: Tiempo Maximo | G53: 10
F54: Tiempo Planificado | G54: 10
G55: Sub total de tiempo | H55: =G54 -> 10

Sheet Proyectos
A1: Curso | B1: ='Diseño Curricular'!B1 -> 786 - Sistemas Organizacionales y Gerenciales 1
A3: Total Ponderacion de Proyectos | H3: =SUM(C11,C35,C59) -> 60
A5: Proyecto No. 1
A7: Nombre | B7: Proyecto Fase 1
A9: Horas aproximadas de realización | C9: 15
A11: Pronderación | C11: 20
A13: Semana en que se asignará el proyecto | C13: 6
A15: Competencias | B15: integra sistemas de información organizacionales (ERP, SCM, CRM) utilizando tecnologías de información y comunicación con el fin de apoyar la transformación digital y mejorar la toma de decisiones estratégicas
B16: revisa la evolución de los sistemas de información en la empresa mediante el análisis de casos históricos y actuales con el fin de identificar tendencias y áreas de mejora
B17: combina técnicas de trabajo en equipo y colaboración interdisciplinaria empleando metodologías ágiles de gestión de proyectos con el fin de fomentar la innovación y eficiencia organizacional
B18: contrasta ideas, soluciones y propuestas relacionadas con sistemas de información utilizando herramientas de comunicación efectiva con el fin de facilitar la colaboración y comprensión en la organización
B19: valida metodologías de gestión del cambio y rediseño de procesos organizativos utilizando modelos de cambio organizativo y técnicas de reingeniería con el fin de garantizar la incorporación efectiva de las TIC
B20: moviliza habilidades de pensamiento crítico y resolución de problemas utilizando estudios de caso empresariales con el fin de fortalecer la toma de decisiones en entornos organizacionales
B21: diseña soluciones de sistemas de información geográfica (GIS) y de inteligencia de negocios (BI) utilizando software especializado con el fin de optimizar la visualización y análisis de datos estratégicos
A25: Breve Descripción
A26: Este proyecto cuenta con 15 incisos, los cuales están divididos en 3 fases. El desarrollo del proyecto consiste en que el estudiante proponga un e-commerce y trabaje sobre él, elaborando un informe para cada inciso solicitado. Básicamente, el proyecto se basa en el e-commerce propuesto por el estudiante, y en él se ponen en práctica todos los conceptos aprendidos a lo largo del curso.
A29: Proyecto No. 2
A31: Nombre | B31: Proyecto Fase 3
A33: Horas aproximadas de realización | C33: 20
A35: Pronderación | C35: 20
A37: Semana en que se asignará el proyecto | C37: 8
A39: Competencias
A49: Breve Descripción
A53: Proyecto No. 3
A55: Nombre | B55: Proyecto Fase 3
A57: Horas aproximadas de realización | C57: 15
A59: Pronderación | C59: 20
A61: Semana en que se asignará el proyecto | C61: 10
A63: Competencias
A73: Breve Descripción

Sheet Practicas
A1: Curso | B1: ='Diseño Curricular'!B1 -> 786 - Sistemas Organizacionales y Gerenciales 1
A3: Total Ponderacion de Practicas | H3: =SUM(C11,C35,C59,C83,C107,C131,C155) -> 30
A5: Practica No. 1
A7: Nombre | B7: Practica 1
A9: Horas aproximadas de realización | C9: 15
A11: Pronderación | C11: 10
A13: Semana en que se asignará la practica | C13: semana 2
A15: Competencias | B15: revisar la evolución de los sistemas de información en la empresa mediante el análisis de casos históricos y actuales con el fin de identificar tendencias y áreas de mejora
B16: contrastar ideas, soluciones y propuestas relacionadas con sistemas de información utilizando herramientas de comunicación efectiva con el fin de facilitar la colaboración y comprensión en la organización
B17: diseñar soluciones de sistemas de información geográfica (GIS) y de inteligencia de negocios (BI) utilizando software especializado con el fin de optimizar la visualización y análisis de datos estratégicos
A25: Breve Descripción
A26: En esta práctica, el estudiante debe diseñar una base de datos relacional, revisar información histórica de ventas para estructurar reportes y comunicar los hallazgos mediante un informe ejecutivo. Se evalúa la capacidad de diseñar modelos de datos, interpretar resultados analíticos y presentar información de forma visual y ejecutiva clara.
A29: Practica No. 2
A31: Nombre | B31: Practica 2
A33: Horas aproximadas de realización | C33: 15
A35: Pronderación | C35: 10
A37: Semana en que se asignará la practica | C37: 4 semana
A39: Competencias | B39: integrar sistemas de información organizacionales (ERP, SCM, CRM) utilizando tecnologías de información y comunicación con el fin de apoyar la transformación digital y mejorar la toma de decisiones estratégicas
B40: validar metodologías de gestión del cambio y rediseño de procesos organizativos utilizando modelos de cambio organizativo y técnicas de reingeniería con el fin de garantizar la incorporación efectiva de las TIC
B41: movilizar habilidades de pensamiento crítico y resolución de problemas utilizando estudios de caso empresariales con el fin de fortalecer la toma de decisiones en entornos organizacionales
A49: Breve Descripción
A50: En esta práctica, el estudiante debe integrar tecnologías digitales para crear una estrategia de adquisición de clientes, validar planes estratégicos mediante metodologías de planeación y comunicar su solución en un informe y mediante una landing page. Se evalúa la habilidad de diseñar estrategias digitales completas, construir ecosistemas tecnológicos y alinear objetivos empresariales.
A53: Practica No. 3
A55: Nombre | B55: Practica 3
A57: Horas aproximadas de realización | C57: 15
A59: Pronderación | C59: 10
A61: Semana en que se asignará la practica | C61: semana 6
A63: Competencias | B63: integrar sistemas de información organizacionales (ERP, SCM, CRM) utilizando tecnologías de información y comunicación con el fin de apoyar la transformación digital y mejorar la toma de decisiones estratégicas
B64: validar metodologías de gestión del cambio y rediseño de procesos organizativos utilizando modelos de cambio organizativo y técnicas de reingeniería con el fin de garantizar la incorporación efectiva de las TIC
B65: diseñar soluciones de sistemas de información geográfica (GIS) y de inteligencia de negocios (BI) utilizando software especializado con el fin de optimizar la visualización y análisis de datos estratégicos
A73: Breve Descripción
A74: En esta práctica, el estudiante debe integrar tecnologías de información para crear una plataforma de e-commerce innovadora, diseñar productos digitales estratégicos basados en un análisis exhaustivo del mercado y validar sus estrategias mediante herramientas de análisis competitivo (PEST, SWOT, Porter, etc.). Se evaluará la capacidad de plantear soluciones digitales reales, realizar investigación de mercado aplicada, estructurar propuestas comerciales efectivas y planificar un proyecto en sprints de desarrollo.
A77: Practica No. 4
A79: Nombre
A81: Horas aproximadas de realización
A83: Pronderación
A85: Semana en que se asignará el proyecto
A87: Competencias
A97: Breve Descripción
A101: Practica No. 5
A103: Nombre
A105: Horas aproximadas de realización
... A169: Breve Descripción

Sheet Tareas
A1: Curso | B1: ='Diseño Curricular'!B1 -> 786 - Sistemas Organizacionales y Gerenciales 1
A3: Total Ponderacion de Tareas | H3: =SUM(C11,C35,C59,C83,C107,C131,C155) -> 0
A5: Tarea No. 1
A7: Nombre
A9: Horas aproximadas de realización
A11: Pronderación
A13: Semana en que se asignará la tarea
A15: Competencias
A25: Breve Descripción
A29: Tarea No. 2
A31: Nombre
A33: Horas aproximadas de realización
A35: Pronderación
A37: Semana en que se asignará la tarea
... A169: Breve Descripción

Sheet Metadata
A1: =IFERROR(__xludf.DUMMYFUNCTION("IMPORTRANGE(""1--DGkU5oDw3gpAa_rQkeu1olWCf2iv8Pm7BNjqiyiuY"", ""Listado Cursos!H:J"")"),"Codigo - Nombre") -> Codigo - Nombre | B1: =IFERROR(__xludf.DUMMYFUNCTION("""COMPUTED_VALUE"""),"Diseño Curricular") -> Diseño Curricular | C1: =IFERROR(__xludf.DUMMYFUNCTION("""COMPUTED_VALUE"""),"Analisis de contexto") -> Analisis de contexto | D1: =IFERROR(__xludf.DUMMYFUNCTION("IMPORTRANGE(VLOOKUP('Diseño Curricular'!B1,A:C,3,FALSE), ""Competencias!B21:J35"")"),"No") -> No | E1: =IFERROR(__xludf.DUMMYFUNCTION("""COMPUTED_VALUE"""),"Tipo") -> Tipo | F1: =IFERROR(__xludf.DUMMYFUNCTION("""COMPUTED_VALUE"""),"Verbo en Presente") -> Verbo en Presente | G1: =IFERROR(__xludf.DUMMYFUNCTION("""COMPUTED_VALUE"""),"Objeto de la acción") -> Objeto de la acción | I1: =IFERROR(__xludf.DUMMYFUNCTION("""COMPUTED_VALUE"""),"[Palabras conectoreas] Herramientas o metodología") -> [Palabras conectoreas] Herramientas o metodología | J1: =IFERROR(__xludf.DUMMYFUNCTION("""COMPUTED_VALUE"""),"[Palabras conectoreas] Condiciones específicas") -> [Palabras conectoreas] Condiciones específicas | L1: =IFERROR(__xludf.DUMMYFUNCTION("""COMPUTED_VALUE"""),"Nivel") -> Nivel
A2: =IFERROR(__xludf.DUMMYFUNCTION("""COMPUTED_VALUE"""),"17 - Área Social Humanística 1") -> 17 - Área Social Humanística 1 | D2: =IFERROR(__xludf.DUMMYFUNCTION("""COMPUTED_VALUE"""),1.0) -> 1 | E2: =IFERROR(__xludf.DUMMYFUNCTION("""COMPUTED_VALUE"""),"Especifica") -> Especifica | F2: =IFERROR(__xludf.DUMMYFUNCTION("""COMPUTED_VALUE"""),"integra") -> integra | G2: =IFERROR(__xludf.DUMMYFUNCTION("""COMPUTED_VALUE"""),"sistemas de información organizacionales (ERP, SCM, CRM)") -> sistemas de información organizacionales (ERP, SCM, CRM) | I2: =IFERROR(__xludf.DUMMYFUNCTION("""COMPUTED_VALUE"""),"utilizando tecnologías de información y comunicación") -> utilizando tecnologías de información y comunicación | J2: =IFERROR(__xludf.DUMMYFUNCTION("""COMPUTED_VALUE"""),"con el fin de apoyar la transformación digital y mejorar la toma de decisiones estratégicas") -> con el fin de apoyar la transformación digital y mejorar la toma de decisiones estratégicas | L2: =IFERROR(__xludf.DUMMYFUNCTION("""COMPUTED_VALUE"""),"Aplicar") -> Aplicar
A3: =IFERROR(__xludf.DUMMYFUNCTION("""COMPUTED_VALUE"""),"101 - Área Matemática Básica 1") -> 101 - Área Matemática Básica 1 | E3: =IFERROR(__xludf.DUMMYFUNCTION("""COMPUTED_VALUE"""),"integra sistemas de información organizacionales (ERP, SCM, CRM) utilizando tecnologías de información y comunicación con el fin de apoyar la transformación digital y mejorar la toma de decisiones estratégicas ") -> integra sistemas de información organizacionales (ERP, SCM, CRM) utilizando tecnologías de información y comunicación con el fin de apoyar la transformación digital y mejorar la toma de decisiones estratégicas
A4: =IFERROR(__xludf.DUMMYFUNCTION("""COMPUTED_VALUE"""),"5 - Técnicas de Estudio e Investigación") -> 5 - Técnicas de Estudio e Investigación | D4: =IFERROR(__xludf.DUMMYFUNCTION("""COMPUTED_VALUE"""),2.0) -> 2 | E4: =IFERROR(__xludf.DUMMYFUNCTION("""COMPUTED_VALUE"""),"Especifica") -> Especifica | F4: =IFERROR(__xludf.DUMMYFUNCTION("""COMPUTED_VALUE"""),"revisa") -> revisa | G4: =IFERROR(__xludf.DUMMYFUNCTION("""COMPUTED_VALUE"""),"la evolución de los sistemas de información en la empresa") -> la evolución de los sistemas de información en la empresa | I4: =IFERROR(__xludf.DUMMYFUNCTION("""COMPUTED_VALUE"""),"mediante el análisis de casos históricos y actuales") -> mediante el análisis de casos históricos y actuales | J4: =IFERROR(__xludf.DUMMYFUNCTION("""COMPUTED_VALUE"""),"con el fin de identificar tendencias y áreas de mejora") -> con el fin de identificar tendencias y áreas de mejora | L4: =IFERROR(__xludf.DUMMYFUNCTION("""COMPUTED_VALUE"""),"Analizar") -> Analizar
A5: =IFERROR(__xludf.DUMMYFUNCTION("""COMPUTED_VALUE"""),"39 - Deportes 1") -> 39 - Deportes 1 | E5: =IFERROR(__xludf.DUMMYFUNCTION("""COMPUTED_VALUE"""),"revisa la evolución de los sistemas de información en la empresa mediante el análisis de casos históricos y actuales con el fin de identificar tendencias y áreas de mejora ") -> revisa la evolución de los sistemas de información en la empresa mediante el análisis de casos históricos y actuales con el fin de identificar tendencias y áreas de mejora
A6: =IFERROR(__xludf.DUMMYFUNCTION("""COMPUTED_VALUE"""),"6 - Idioma Tecnico 1") -> 6 - Idioma Tecnico 1 | D6: =IFERROR(__xludf.DUMMYFUNCTION("""COMPUTED_VALUE"""),3.0) -> 3 | E6: =IFERROR(__xludf.DUMMYFUNCTION("""COMPUTED_VALUE"""),"General") -> General | F6: =IFERROR(__xludf.DUMMYFUNCTION("""COMPUTED_VALUE"""),"moviliza") -> moviliza | G6: =IFERROR(__xludf.DUMMYFUNCTION("""COMPUTED_VALUE"""),"habilidades de pensamiento crítico y resolución de problemas") -> habilidades de pensamiento crítico y resolución de problemas | I6: =IFERROR(__xludf.DUMMYFUNCTION("""COMPUTED_VALUE"""),"utilizando estudios de caso empresariales") -> utilizando estudios de caso empresariales | J6: =IFERROR(__xludf.DUMMYFUNCTION("""COMPUTED_VALUE"""),"con el fin de fortalecer la toma de decisiones en entornos organizacionales") -> con el fin de fortalecer la toma de decisiones en entornos organizacionales | L6: =IFERROR(__xludf.DUMMYFUNCTION("""COMPUTED_VALUE"""),"Analizar") -> Analizar
A7: =IFERROR(__xludf.DUMMYFUNCTION("""COMPUTED_VALUE"""),"19 - Área Social Humanística 2") -> 19 - Área Social Humanística 2 | E7: =IFERROR(__xludf.DUMMYFUNCTION("""COMPUTED_VALUE"""),"moviliza habilidades de pensamiento crítico y resolución de problemas utilizando estudios de caso empresariales con el fin de fortalecer la toma de decisiones en entornos organizacionales ") -> moviliza habilidades de pensamiento crítico y resolución de problemas utilizando estudios de caso empresariales con el fin de fortalecer la toma de decisiones en entornos organizacionales
A8: =IFERROR(__xludf.DUMMYFUNCTION("""COMPUTED_VALUE"""),"103 - Área Matemática Básica 2") -> 103 - Área Matemática Básica 2 | D8: =IFERROR(__xludf.DUMMYFUNCTION("""COMPUTED_VALUE"""),4.0) -> 4 | E8: =IFERROR(__xludf.DUMMYFUNCTION("""COMPUTED_VALUE"""),"Especifica") -> Especifica | F8: =IFERROR(__xludf.DUMMYFUNCTION("""COMPUTED_VALUE"""),"diseña") -> diseña | G8: =IFERROR(__xludf.DUMMYFUNCTION("""COMPUTED_VALUE"""),"soluciones de sistemas de información geográfica (GIS) y de inteligencia de negocios (BI)") -> soluciones de sistemas de información geográfica (GIS) y de inteligencia de negocios (BI) | I8: =IFERROR(__xludf.DUMMYFUNCTION("""COMPUTED_VALUE"""),"utilizando software especializado") -> utilizando software especializado | J8: =IFERROR(__xludf.DUMMYFUNCTION("""COMPUTED_VALUE"""),"con el fin de optimizar la visualización y análisis de datos estratégicos") -> con el fin de optimizar la visualización y análisis de datos estratégicos | L8: =IFERROR(__xludf.DUMMYFUNCTION("""COMPUTED_VALUE"""),"Crear") -> Crear
A9: =IFERROR(__xludf.DUMMYFUNCTION("""COMPUTED_VALUE"""),"960 - Matemática Para Computación 1") -> 960 - Matemática Para Computación 1 | E9: =IFERROR(__xludf.DUMMYFUNCTION("""COMPUTED_VALUE"""),"diseña soluciones de sistemas de información geográfica (GIS) y de inteligencia de negocios (BI) utilizando software especializado con el fin de optimizar la visualización y análisis de datos estratégicos ") -> diseña soluciones de sistemas de información geográfica (GIS) y de inteligencia de negocios (BI) utilizando software especializado con el fin de optimizar la visualización y análisis de datos estratégicos
A10: =IFERROR(__xludf.DUMMYFUNCTION("""COMPUTED_VALUE"""),"147 - Física Básica") -> 147 - Física Básica | D10: =IFERROR(__xludf.DUMMYFUNCTION("""COMPUTED_VALUE"""),5.0) -> 5 | E10: =IFERROR(__xludf.DUMMYFUNCTION("""COMPUTED_VALUE"""),"General") -> General | F10: =IFERROR(__xludf.DUMMYFUNCTION("""COMPUTED_VALUE"""),"combina") -> combina | G10: =IFERROR(__xludf.DUMMYFUNCTION("""COMPUTED_VALUE"""),"técnicas de trabajo en equipo y colaboración interdisciplinaria") -> técnicas de trabajo en equipo y colaboración interdisciplinaria | I10: =IFERROR(__xludf.DUMMYFUNCTION("""COMPUTED_VALUE"""),"empleando metodologías ágiles de gestión de proyectos") -> empleando metodologías ágiles de gestión de proyectos | J10: =IFERROR(__xludf.DUMMYFUNCTION("""COMPUTED_VALUE"""),"con el fin de fomentar la innovación y eficiencia organizacional") -> con el fin de fomentar la innovación y eficiencia organizacional | L10: =IFERROR(__xludf.DUMMYFUNCTION("""COMPUTED_VALUE"""),"Crear") -> Crear
A11: =IFERROR(__xludf.DUMMYFUNCTION("""COMPUTED_VALUE"""),"40 - Deportes 2") -> 40 - Deportes 2 | E11: =IFERROR(__xludf.DUMMYFUNCTION("""COMPUTED_VALUE"""),"combina técnicas de trabajo en equipo y colaboración interdisciplinaria empleando metodologías ágiles de gestión de proyectos con el fin de fomentar la innovación y eficiencia organizacional ") -> combina técnicas de trabajo en equipo y colaboración interdisciplinaria empleando metodologías ágiles de gestión de proyectos con el fin de fomentar la innovación y eficiencia organizacional
A12: =IFERROR(__xludf.DUMMYFUNCTION("""COMPUTED_VALUE"""),"8 - Idioma Técnico 2") -> 8 - Idioma Técnico 2 | D12: =IFERROR(__xludf.DUMMYFUNCTION("""COMPUTED_VALUE"""),6.0) -> 6 | E12: =IFERROR(__xludf.DUMMYFUNCTION("""COMPUTED_VALUE"""),"Especifica") -> Especifica | F12: =IFERROR(__xludf.DUMMYFUNCTION("""COMPUTED_VALUE"""),"valida") -> valida | G12: =IFERROR(__xludf.DUMMYFUNCTION("""COMPUTED_VALUE"""),"metodologías de gestión del cambio y rediseño de procesos organizativos") -> metodologías de gestión del cambio y rediseño de procesos organizativos | I12: =IFERROR(__xludf.DUMMYFUNCTION("""COMPUTED_VALUE"""),"utilizando modelos de cambio organizativo y técnicas de reingeniería") -> utilizando modelos de cambio organizativo y técnicas de reingeniería | J12: =IFERROR(__xludf.DUMMYFUNCTION("""COMPUTED_VALUE"""),"con el fin de garantizar la incorporación efectiva de las TIC") -> con el fin de garantizar la incorporación efectiva de las TIC | L12: =IFERROR(__xludf.DUMMYFUNCTION("""COMPUTED_VALUE"""),"Evaluar") -> Evaluar
A13: =IFERROR(__xludf.DUMMYFUNCTION("""COMPUTED_VALUE"""),"795 - Logica de Sitemas") -> 795 - Logica de Sitemas | B13: =IFERROR(__xludf.DUMMYFUNCTION("""COMPUTED_VALUE"""),"1tGblVNcAY7QU_u00ZUgf5GJjDZOK39vXt9FvZeMfPKg") -> 1tGblVNcAY7QU_u00ZUgf5GJjDZOK39vXt9FvZeMfPKg | C13: =IFERROR(__xludf.DUMMYFUNCTION("""COMPUTED_VALUE"""),"1olpUmnSmvTLYIIWFmjmPX_CYPTPOprpPEwh7xMvm2WM") -> 1olpUmnSmvTLYIIWFmjmPX_CYPTPOprpPEwh7xMvm2WM | E13: =IFERROR(__xludf.DUMMYFUNCTION("""COMPUTED_VALUE"""),"valida metodologías de gestión del cambio y rediseño de procesos organizativos utilizando modelos de cambio organizativo y técnicas de reingeniería con el fin de garantizar la incorporación efectiva de las TIC ") -> valida metodologías de gestión del cambio y rediseño de procesos organizativos utilizando modelos de cambio organizativo y técnicas de reingeniería con el fin de garantizar la incorporación efectiva de las TIC
A14: =IFERROR(__xludf.DUMMYFUNCTION("""COMPUTED_VALUE"""),"962 - Matemática Para Computación 2") -> 962 - Matemática Para Computación 2 | D14: =IFERROR(__xludf.DUMMYFUNCTION("""COMPUTED_VALUE"""),7.0) -> 7 | E14: =IFERROR(__xludf.DUMMYFUNCTION("""COMPUTED_VALUE"""),"General") -> General | F14: =IFERROR(__xludf.DUMMYFUNCTION("""COMPUTED_VALUE"""),"contrasta") -> contrasta | G14: =IFERROR(__xludf.DUMMYFUNCTION("""COMPUTED_VALUE"""),"ideas, soluciones y propuestas relacionadas con sistemas de información") -> ideas, soluciones y propuestas relacionadas con sistemas de información | I14: =IFERROR(__xludf.DUMMYFUNCTION("""COMPUTED_VALUE"""),"utilizando herramientas de comunicación efectiva") -> utilizando herramientas de comunicación efectiva | J14: =IFERROR(__xludf.DUMMYFUNCTION("""COMPUTED_VALUE"""),"con el fin de facilitar la colaboración y comprensión en la organización") -> con el fin de facilitar la colaboración y comprensión en la organización | L14: =IFERROR(__xludf.DUMMYFUNCTION("""COMPUTED_VALUE"""),"Analizar") -> Analizar
A15: =IFERROR(__xludf.DUMMYFUNCTION("""COMPUTED_VALUE"""),"770 - Introducción a ala programación y computación 1") -> 770 - Introducción a ala programación y computación 1 | B15: =IFERROR(__xludf.DUMMYFUNCTION("""COMPUTED_VALUE"""),"1hnCz3e7R539DMJA_6KBromYXyQWjR5cbX4eUFYyZB78") -> 1hnCz3e7R539DMJA_6KBromYXyQWjR5cbX4eUFYyZB78 | C15: =IFERROR(__xludf.DUMMYFUNCTION("""COMPUTED_VALUE"""),"13K0AQ2QyRJmkDL_B9YKTYVy3OKQyLCIBTe0sAqstrFI") -> 13K0AQ2QyRJmkDL_B9YKTYVy3OKQyLCIBTe0sAqstrFI | E15: =IFERROR(__xludf.DUMMYFUNCTION("""COMPUTED_VALUE"""),"contrasta ideas, soluciones y propuestas relacionadas con sistemas de información utilizando herramientas de comunicación efectiva con el fin de facilitar la colaboración y comprensión en la organización ") -> contrasta ideas, soluciones y propuestas relacionadas con sistemas de información utilizando herramientas de comunicación efectiva con el fin de facilitar la colaboración y comprensión en la organización
A16: =IFERROR(__xludf.DUMMYFUNCTION("""COMPUTED_VALUE"""),"107 - Área Matemática Intermedia 1") -> 107 - Área Matemática Intermedia 1
A17: =IFERROR(__xludf.DUMMYFUNCTION("""COMPUTED_VALUE"""),"150 - Fisica 1") -> 150 - Fisica 1
A18: =IFERROR(__xludf.DUMMYFUNCTION("""COMPUTED_VALUE"""),"1 - Ética Profesional") -> 1 - Ética Profesional
A19: =IFERROR(__xludf.DUMMYFUNCTION("""COMPUTED_VALUE"""),"9 - Idioma Técnico 3") -> 9 - Idioma Técnico 3
A20: =IFERROR(__xludf.DUMMYFUNCTION("""COMPUTED_VALUE"""),"796 - Lenguajes Formales y de Programación") -> 796 - Lenguajes Formales y de Programación | B20: =IFERROR(__xludf.DUMMYFUNCTION("""COMPUTED_VALUE"""),"1-dPQ2ZCWWgBi4gyaV8KmnDWxF063I-zfJutKPMwJjrw") -> 1-dPQ2ZCWWgBi4gyaV8KmnDWxF063I-zfJutKPMwJjrw | C20: =IFERROR(__xludf.DUMMYFUNCTION("""COMPUTED_VALUE"""),"14p5IrzE6q20i9mtWRrbgJgIQTyfVIS4RiO1JbrFY3Ng") -> 14p5IrzE6q20i9mtWRrbgJgIQTyfVIS4RiO1JbrFY3Ng | E20: =E3 -> integra sistemas de información organizacionales (ERP, SCM, CRM) utilizando tecnologías de información y comunicación con el fin de apoyar la transformación digital y mejorar la toma de decisiones estratégicas
A21: =IFERROR(__xludf.DUMMYFUNCTION("""COMPUTED_VALUE"""),"771 - Introducción a la Programación y Computación 2") -> 771 - Introducción a la Programación y Computación 2 | B21: =IFERROR(__xludf.DUMMYFUNCTION("""COMPUTED_VALUE"""),"1__RmanO4MiKBpppCFzGzdDC2fWb5cD2m02xjOur_6nk") -> 1__RmanO4MiKBpppCFzGzdDC2fWb5cD2m02xjOur_6nk | C21: =IFERROR(__xludf.DUMMYFUNCTION("""COMPUTED_VALUE"""),"1hwyEeHtTnYmAXwVixwCmwcQ_1S6x1ID8qghxNj_2les") -> 1hwyEeHtTnYmAXwVixwCmwcQ_1S6x1ID8qghxNj_2les | E21: =E5 -> revisa la evolución de los sistemas de información en la empresa mediante el análisis de casos históricos y actuales con el fin de identificar tendencias y áreas de mejora
A22: =IFERROR(__xludf.DUMMYFUNCTION("""COMPUTED_VALUE"""),"112 - Área Matemática Intermedia 2") -> 112 - Área Matemática Intermedia 2 | E22: =E7 -> moviliza habilidades de pensamiento crítico y resolución de problemas utilizando estudios de caso empresariales con el fin de fortalecer la toma de decisiones en entornos organizacionales
A23: =IFERROR(__xludf.DUMMYFUNCTION("""COMPUTED_VALUE"""),"114 - Área Matemática Intermedia 3") -> 114 - Área Matemática Intermedia 3 | E23: =E9 -> diseña soluciones de sistemas de información geográfica (GIS) y de inteligencia de negocios (BI) utilizando software especializado con el fin de optimizar la visualización y análisis de datos estratégicos
A24: =IFERROR(__xludf.DUMMYFUNCTION("""COMPUTED_VALUE"""),"152 - Física 2") -> 152 - Física 2 | E24: =E11 -> combina técnicas de trabajo en equipo y colaboración interdisciplinaria empleando metodologías ágiles de gestión de proyectos con el fin de fomentar la innovación y eficiencia organizacional
A25: =IFERROR(__xludf.DUMMYFUNCTION("""COMPUTED_VALUE"""),"10 - Lógica") -> 10 - Lógica | E25: =E13 -> valida metodologías de gestión del cambio y rediseño de procesos organizativos utilizando modelos de cambio organizativo y técnicas de reingeniería con el fin de garantizar la incorporación efectiva de las TIC
A26: =IFERROR(__xludf.DUMMYFUNCTION("""COMPUTED_VALUE"""),"11 - Idioma Técnico 4") -> 11 - Idioma Técnico 4 | E26: =E15 -> contrasta ideas, soluciones y propuestas relacionadas con sistemas de información utilizando herramientas de comunicación efectiva con el fin de facilitar la colaboración y comprensión en la organización
A27: =IFERROR(__xludf.DUMMYFUNCTION("""COMPUTED_VALUE"""),"2025 - Prácticas Iniciales") -> 2025 - Prácticas Iniciales
A28: =IFERROR(__xludf.DUMMYFUNCTION("""COMPUTED_VALUE"""),"732 - Estadística 1") -> 732 - Estadística 1
A29: =IFERROR(__xludf.DUMMYFUNCTION("""COMPUTED_VALUE"""),"777 - Organización de Lenguajes y Compiladores 1") -> 777 - Organización de Lenguajes y Compiladores 1 | B29: =IFERROR(__xludf.DUMMYFUNCTION("""COMPUTED_VALUE"""),"1sMJr8kYIDF7fR6Jn6GMDZp8CdJCeGqxbVA5UTdBCrkM") -> 1sMJr8kYIDF7fR6Jn6GMDZp8CdJCeGqxbVA5UTdBCrkM | C29: =IFERROR(__xludf.DUMMYFUNCTION("""COMPUTED_VALUE"""),"1sznB5glJmAKD25Jh38PR_uvVmYLeupPdQfr5Z_cGdy0") -> 1sznB5glJmAKD25Jh38PR_uvVmYLeupPdQfr5Z_cGdy0
A30: =IFERROR(__xludf.DUMMYFUNCTION("""COMPUTED_VALUE"""),"964 - Organización Computacional") -> 964 - Organización Computacional | B30: =IFERROR(__xludf.DUMMYFUNCTION("""COMPUTED_VALUE"""),"1daYmFoqU1khKZXb4p_ygv5jH4tkv8-tTjdTDSUh72F0") -> 1daYmFoqU1khKZXb4p_ygv5jH4tkv8-tTjdTDSUh72F0 | C30: =IFERROR(__xludf.DUMMYFUNCTION("""COMPUTED_VALUE"""),"1Iu2w--EUMRmqIHGvbgJsupMFeebEMTKXZFzhrwGZtOs") -> 1Iu2w--EUMRmqIHGvbgJsupMFeebEMTKXZFzhrwGZtOs
A31: =IFERROR(__xludf.DUMMYFUNCTION("""COMPUTED_VALUE"""),"772 - Estructuras de Datos") -> 772 - Estructuras de Datos | B31: =IFERROR(__xludf.DUMMYFUNCTION("""COMPUTED_VALUE"""),"1rTNY7hLmB5N26Z2z6EtF0axcaKKizdu0eLKqLiwUhto") -> 1rTNY7hLmB5N26Z2z6EtF0axcaKKizdu0eLKqLiwUhto | C31: =IFERROR(__xludf.DUMMYFUNCTION("""COMPUTED_VALUE"""),"1e8AAZ395NIODTRjmbwP3Bvdb1OJlsJawLywq7NixwcM") -> 1e8AAZ395NIODTRjmbwP3Bvdb1OJlsJawLywq7NixwcM
A32: =IFERROR(__xludf.DUMMYFUNCTION("""COMPUTED_VALUE"""),"116 - Matemática Aplicada 3") -> 116 - Matemática Aplicada 3
A33: =IFERROR(__xludf.DUMMYFUNCTION("""COMPUTED_VALUE"""),"118 - Matemática Aplicada 1") -> 118 - Matemática Aplicada 1
A34: =IFERROR(__xludf.DUMMYFUNCTION("""COMPUTED_VALUE"""),"18 - Filosofía de la Ciencia") -> 18 - Filosofía de la Ciencia
A35: =IFERROR(__xludf.DUMMYFUNCTION("""COMPUTED_VALUE"""),"722 - Teoría de Sistemas 1") -> 722 - Teoría de Sistemas 1 | B35: =IFERROR(__xludf.DUMMYFUNCTION("""COMPUTED_VALUE"""),"1npGvBttUX2JHkjnmDRQmNhZacltUudlNKCQsLV09BaU") -> 1npGvBttUX2JHkjnmDRQmNhZacltUudlNKCQsLV09BaU | C35: =IFERROR(__xludf.DUMMYFUNCTION("""COMPUTED_VALUE"""),"1hMUPf0qs2ca-iLxfgxe8cYMynK4MJCa34p7GqRHJXbE") -> 1hMUPf0qs2ca-iLxfgxe8cYMynK4MJCa34p7GqRHJXbE
A36: =IFERROR(__xludf.DUMMYFUNCTION("""COMPUTED_VALUE"""),"601 - Investigación de Operaciones 1") -> 601 - Investigación de Operaciones 1
A37: =IFERROR(__xludf.DUMMYFUNCTION("""COMPUTED_VALUE"""),"14 - Economía") -> 14 - Economía | B37: =IFERROR(__xludf.DUMMYFUNCTION("""COMPUTED_VALUE"""),"169ieOogZaXHMs_PddYQfqqWTOgqfbgT1NUf8dchmb4U") -> 169ieOogZaXHMs_PddYQfqqWTOgqfbgT1NUf8dchmb4U | C37: =IFERROR(__xludf.DUMMYFUNCTION("""COMPUTED_VALUE"""),"1aRV1pjb7CPc1NcugRe2l92I-OqNZYb_4YmhuHZtvXzs") -> 1aRV1pjb7CPc1NcugRe2l92I-OqNZYb_4YmhuHZtvXzs
A38: =IFERROR(__xludf.DUMMYFUNCTION("""COMPUTED_VALUE"""),"781 - Organización de Lenguajes y Compiladores 2") -> 781 - Organización de Lenguajes y Compiladores 2 | B38: =IFERROR(__xludf.DUMMYFUNCTION("""COMPUTED_VALUE"""),"18dQYgiKWkpI2wogupgHf8u3PbCa0cKqMH6-ZsAIhLPw") -> 18dQYgiKWkpI2wogupgHf8u3PbCa0cKqMH6-ZsAIhLPw | C38: =IFERROR(__xludf.DUMMYFUNCTION("""COMPUTED_VALUE"""),"1FvDr2nu5sW0gxDkpPanB4sWbi78KZCAhc6wrywlrvlE") -> 1FvDr2nu5sW0gxDkpPanB4sWbi78KZCAhc6wrywlrvlE
A39: =IFERROR(__xludf.DUMMYFUNCTION("""COMPUTED_VALUE"""),"778 - Arquitectura de Computadoras y Ensambladores 1") -> 778 - Arquitectura de Computadoras y Ensambladores 1 | B39: =IFERROR(__xludf.DUMMYFUNCTION("""COMPUTED_VALUE"""),"13gNb-7XS_aMptaL1TLnLB5k06Y_okRzOgjzOxLHNuiI") -> 13gNb-7XS_aMptaL1TLnLB5k06Y_okRzOgjzOxLHNuiI | C39: =IFERROR(__xludf.DUMMYFUNCTION("""COMPUTED_VALUE"""),"1dlO25kugHQowRwF3LcOkrFuLGg-hP9mn9OW7x7GssMc") -> 1dlO25kugHQowRwF3LcOkrFuLGg-hP9mn9OW7x7GssMc
A40: =IFERROR(__xludf.DUMMYFUNCTION("""COMPUTED_VALUE"""),"773 - Manejo e Implementación de Archivos") -> 773 - Manejo e Implementación de Archivos | B40: =IFERROR(__xludf.DUMMYFUNCTION("""COMPUTED_VALUE"""),"1VDaIod2C3XfezxQfz50xvWZ9yVVdVvNIqd-1xbJmaD8") -> 1VDaIod2C3XfezxQfz50xvWZ9yVVdVvNIqd-1xbJmaD8 | C40: =IFERROR(__xludf.DUMMYFUNCTION("""COMPUTED_VALUE"""),"1MkqyTtzzzyQyC--twNt__AoC_Sd0UBC67j0f9nktivE") -> 1MkqyTtzzzyQyC--twNt__AoC_Sd0UBC67j0f9nktivE
A41: =IFERROR(__xludf.DUMMYFUNCTION("""COMPUTED_VALUE"""),"122 - Matemática Aplicada 4") -> 122 - Matemática Aplicada 4
A42: =IFERROR(__xludf.DUMMYFUNCTION("""COMPUTED_VALUE"""),"120 - Matemática Aplicada 2") -> 120 - Matemática Aplicada 2
A43: =IFERROR(__xludf.DUMMYFUNCTION("""COMPUTED_VALUE"""),"200 - Ingeniería Eléctrica 1") -> 200 - Ingeniería Eléctrica 1
A44: =IFERROR(__xludf.DUMMYFUNCTION("""COMPUTED_VALUE"""),"724 - Teoría de Sistemas 2") -> 724 - Teoría de Sistemas 2 | B44: =IFERROR(__xludf.DUMMYFUNCTION("""COMPUTED_VALUE"""),"1Oh-yJJ9oc8SdDPJao-u31YXfwOPrsifu2o1a7Sf2-9k") -> 1Oh-yJJ9oc8SdDPJao-u31YXfwOPrsifu2o1a7Sf2-9k | C44: =IFERROR(__xludf.DUMMYFUNCTION("""COMPUTED_VALUE"""),"1O2rxycdV4XrytI_g4llqenReY8-rYp3frKI7rd6fNMI") -> 1O2rxycdV4XrytI_g4llqenReY8-rYp3frKI7rd6fNMI
A45: =IFERROR(__xludf.DUMMYFUNCTION("""COMPUTED_VALUE"""),"603 - Investigación de Operaciones 2") -> 603 - Investigación de Operaciones 2
A46: =IFERROR(__xludf.DUMMYFUNCTION("""COMPUTED_VALUE"""),"734 - Estadística 2") -> 734 - Estadística 2
A47: =IFERROR(__xludf.DUMMYFUNCTION("""COMPUTED_VALUE"""),"281 - Sistemas Operativos 1") -> 281 - Sistemas Operativos 1 | B47: =IFERROR(__xludf.DUMMYFUNCTION("""COMPUTED_VALUE"""),"1RAzDRLQZEv8Ck7PxnFQbrklrekiw5bDJFX0wgP7vFSQ") -> 1RAzDRLQZEv8Ck7PxnFQbrklrekiw5bDJFX0wgP7vFSQ | C47: =IFERROR(__xludf.DUMMYFUNCTION("""COMPUTED_VALUE"""),"145JPmfq4pDEEE_ipNtWzYQNDVrAg9WOQ9ocmZu_NegE") -> 145JPmfq4pDEEE_ipNtWzYQNDVrAg9WOQ9ocmZu_NegE
A48: =IFERROR(__xludf.DUMMYFUNCTION("""COMPUTED_VALUE"""),"779 - Arquitectura de Computadoras y Ensambladores 2") -> 779 - Arquitectura de Computadoras y Ensambladores 2 | B48: =IFERROR(__xludf.DUMMYFUNCTION("""COMPUTED_VALUE"""),"1_uxBhWcRvgBlCjf2s6O-Hvly7rBvJyZdswUKwm6KP5Y") -> 1_uxBhWcRvgBlCjf2s6O-Hvly7rBvJyZdswUKwm6KP5Y | C48: =IFERROR(__xludf.DUMMYFUNCTION("""COMPUTED_VALUE"""),"1dqk67SNWBGb15fqe17ZBfmxUg9pla5H7nqVOrGHYEJ4") -> 1dqk67SNWBGb15fqe17ZBfmxUg9pla5H7nqVOrGHYEJ4
A49: =IFERROR(__xludf.DUMMYFUNCTION("""COMPUTED_VALUE"""),"970 - Redes de Computadoras 1") -> 970 - Redes de Computadoras 1 | B49: =IFERROR(__xludf.DUMMYFUNCTION("""COMPUTED_VALUE"""),"1z_6lSkIcVZpEVQ4tR8c-eSvVvTxWsXwhmFojsLWeBGc") -> 1z_6lSkIcVZpEVQ4tR8c-eSvVvTxWsXwhmFojsLWeBGc | C49: =IFERROR(__xludf.DUMMYFUNCTION("""COMPUTED_VALUE"""),"18wRQLI8Pz51ZFEFWKE1SD6XVhlxOdJa1PpxDFo2dRT4") -> 18wRQLI8Pz51ZFEFWKE1SD6XVhlxOdJa1PpxDFo2dRT4
A50: =IFERROR(__xludf.DUMMYFUNCTION("""COMPUTED_VALUE"""),"774 - Sistemas de Bases de Datos 1") -> 774 - Sistemas de Bases de Datos 1 | B50: =IFERROR(__xludf.DUMMYFUNCTION("""COMPUTED_VALUE"""),"1h1zzA1-Xq9ihet57bP4f0PLQnKeojJUanhgpuP67hKs") -> 1h1zzA1-Xq9ihet57bP4f0PLQnKeojJUanhgpuP67hKs | C50: =IFERROR(__xludf.DUMMYFUNCTION("""COMPUTED_VALUE"""),"1xYInTWRmhz45q5vjazDVsb1EGOCbYqibWRBgZMK1g2I") -> 1xYInTWRmhz45q5vjazDVsb1EGOCbYqibWRBgZMK1g2I
A51: =IFERROR(__xludf.DUMMYFUNCTION("""COMPUTED_VALUE"""),"2036 - Prácticas Intermedias") -> 2036 - Prácticas Intermedias
A52: =IFERROR(__xludf.DUMMYFUNCTION("""COMPUTED_VALUE"""),"285 - Sistemas Operativos 2") -> 285 - Sistemas Operativos 2 | B52: =IFERROR(__xludf.DUMMYFUNCTION("""COMPUTED_VALUE"""),"1VCx3jdfVNJvtMfY5j_W624CAT1QxC-9qVw_ts_erFM8") -> 1VCx3jdfVNJvtMfY5j_W624CAT1QxC-9qVw_ts_erFM8 | C52: =IFERROR(__xludf.DUMMYFUNCTION("""COMPUTED_VALUE"""),"1ssmi68Gibgtkl07Zn0H_wQWjqhj_SfcpUhCdmyvVjb4") -> 1ssmi68Gibgtkl07Zn0H_wQWjqhj_SfcpUhCdmyvVjb4
A53: =IFERROR(__xludf.DUMMYFUNCTION("""COMPUTED_VALUE"""),"975 - Redes de Computadoras 2") -> 975 - Redes de Computadoras 2 | B53: =IFERROR(__xludf.DUMMYFUNCTION("""COMPUTED_VALUE"""),"1JcTacSIMIoXQmOixc1cssvrK_MVzZYH-Yo4FFSny6Nk") -> 1JcTacSIMIoXQmOixc1cssvrK_MVzZYH-Yo4FFSny6Nk | C53: =IFERROR(__xludf.DUMMYFUNCTION("""COMPUTED_VALUE"""),"1JLgRGqqoVVNY2eFrI2m3ylhPGOUPiyZN7_tK8VnOywQ") -> 1JLgRGqqoVVNY2eFrI2m3ylhPGOUPiyZN7_tK8VnOywQ
A54: =IFERROR(__xludf.DUMMYFUNCTION("""COMPUTED_VALUE"""),"775 - Sistemas de Bases de Datos 2") -> 775 - Sistemas de Bases de Datos 2 | B54: =IFERROR(__xludf.DUMMYFUNCTION("""COMPUTED_VALUE"""),"1TCVGX95CGGMGYvyB2K8cDve9RSMthqD6Tc1-CrmctiM") -> 1TCVGX95CGGMGYvyB2K8cDve9RSMthqD6Tc1-CrmctiM | C54: =IFERROR(__xludf.DUMMYFUNCTION("""COMPUTED_VALUE"""),"1c8vA2_5i-ARXIPU3ZxB3bwcKRbWh46erGG5KH3wrJyU") -> 1c8vA2_5i-ARXIPU3ZxB3bwcKRbWh46erGG5KH3wrJyU
A55: =IFERROR(__xludf.DUMMYFUNCTION("""COMPUTED_VALUE"""),"283 - Análisis y Diseño de Sistemas 1") -> 283 - Análisis y Diseño de Sistemas 1 | B55: =IFERROR(__xludf.DUMMYFUNCTION("""COMPUTED_VALUE"""),"1Y3HF-OxPbgEhNi6pNhbpImrQsH3btlYO6xtsnryrunY") -> 1Y3HF-OxPbgEhNi6pNhbpImrQsH3btlYO6xtsnryrunY | C55: =IFERROR(__xludf.DUMMYFUNCTION("""COMPUTED_VALUE"""),"12umvxFMZmSLGZenSQOXCnUePgu7-gug8FmFRz5MKlkE") -> 12umvxFMZmSLGZenSQOXCnUePgu7-gug8FmFRz5MKlkE
A56: =IFERROR(__xludf.DUMMYFUNCTION("""COMPUTED_VALUE"""),"797 - Seminario de Sistemas 1") -> 797 - Seminario de Sistemas 1 | B56: =IFERROR(__xludf.DUMMYFUNCTION("""COMPUTED_VALUE"""),"1VXfuZgL8iNYOe8XfW_5s4rVnIq-_Xurqk8xlOGGexqY") -> 1VXfuZgL8iNYOe8XfW_5s4rVnIq-_Xurqk8xlOGGexqY | C56: =IFERROR(__xludf.DUMMYFUNCTION("""COMPUTED_VALUE"""),"1eWOPuodcZlQ4YNCFI3CQ-Zpw7nxkVx7vi3XlMdj8he4") -> 1eWOPuodcZlQ4YNCFI3CQ-Zpw7nxkVx7vi3XlMdj8he4
A57: =IFERROR(__xludf.DUMMYFUNCTION("""COMPUTED_VALUE"""),"700 - Ingeniería Económica 1") -> 700 - Ingeniería Económica 1
A58: =IFERROR(__xludf.DUMMYFUNCTION("""COMPUTED_VALUE"""),"729 - Modelación y Simulación 1") -> 729 - Modelación y Simulación 1 | B58: =IFERROR(__xludf.DUMMYFUNCTION("""COMPUTED_VALUE"""),"17u8GNz3HZ-i9KS-yxFiuJx9u7OawTwjyLcvLoG_x6W8") -> 17u8GNz3HZ-i9KS-yxFiuJx9u7OawTwjyLcvLoG_x6W8 | C58: =IFERROR(__xludf.DUMMYFUNCTION("""COMPUTED_VALUE"""),"1NFJSyWLsOrGAG7qFKpXyw79GRTTb4abmj-M6aBddS5U") -> 1NFJSyWLsOrGAG7qFKpXyw79GRTTb4abmj-M6aBddS5U
A59: =IFERROR(__xludf.DUMMYFUNCTION("""COMPUTED_VALUE"""),"786 - Sistemas Organizacionales y Gerenciales 1") -> 786 - Sistemas Organizacionales y Gerenciales 1 | B59: =IFERROR(__xludf.DUMMYFUNCTION("""COMPUTED_VALUE"""),"1VTtCckO64u9REDx8UoxNJrYiavZGQU_hh4HvsOUiqlc") -> 1VTtCckO64u9REDx8UoxNJrYiavZGQU_hh4HvsOUiqlc | C59: =IFERROR(__xludf.DUMMYFUNCTION("""COMPUTED_VALUE"""),"1dMwVEKpg3j4uCN3CqoVXOWkBQbHNw7DIhtU8Bhc5Mqc") -> 1dMwVEKpg3j4uCN3CqoVXOWkBQbHNw7DIhtU8Bhc5Mqc
A60: =IFERROR(__xludf.DUMMYFUNCTION("""COMPUTED_VALUE"""),"972 - Inteligencia Artificial 1") -> 972 - Inteligencia Artificial 1 | B60: =IFERROR(__xludf.DUMMYFUNCTION("""COMPUTED_VALUE"""),"1C04a6qH3d2zJVb1hJwa6tsRQVM9LUb_nwyxMovG5tdI") -> 1C04a6qH3d2zJVb1hJwa6tsRQVM9LUb_nwyxMovG5tdI | C60: =IFERROR(__xludf.DUMMYFUNCTION("""COMPUTED_VALUE"""),"1CEh1GcUg3ntzgPT9yUocLDlrLJKmZCCl1MWUrEyfwzg") -> 1CEh1GcUg3ntzgPT9yUocLDlrLJKmZCCl1MWUrEyfwzg
A61: =IFERROR(__xludf.DUMMYFUNCTION("""COMPUTED_VALUE"""),"966 - Seguridad y Auditoría de Redes de Computadoras") -> 966 - Seguridad y Auditoría de Redes de Computadoras
A62: =IFERROR(__xludf.DUMMYFUNCTION("""COMPUTED_VALUE"""),"785 - Análisis y Diseño de Sistemas 2") -> 785 - Análisis y Diseño de Sistemas 2 | B62: =IFERROR(__xludf.DUMMYFUNCTION("""COMPUTED_VALUE"""),"1_ufF1kvClwUUTsCz0V0fLuXjs_JRZWRSMCWkUEd8co4") -> 1_ufF1kvClwUUTsCz0V0fLuXjs_JRZWRSMCWkUEd8co4 | C62: =IFERROR(__xludf.DUMMYFUNCTION("""COMPUTED_VALUE"""),"1HaBdPkxZx1GRiw5WlqxQhbxPWuW-mZVFEoUho7tsLDY") -> 1HaBdPkxZx1GRiw5WlqxQhbxPWuW-mZVFEoUho7tsLDY
A63: =IFERROR(__xludf.DUMMYFUNCTION("""COMPUTED_VALUE"""),"798 - Seminario de Sistemas 2") -> 798 - Seminario de Sistemas 2 | B63: =IFERROR(__xludf.DUMMYFUNCTION("""COMPUTED_VALUE"""),"1v6hbJdWzxkj7s5D7oM894pu3kMAvhEZGXUMfRFv7yKQ") -> 1v6hbJdWzxkj7s5D7oM894pu3kMAvhEZGXUMfRFv7yKQ | C63: =IFERROR(__xludf.DUMMYFUNCTION("""COMPUTED_VALUE"""),"1LxPO_wuZRiAXrS1EicVG-gQWzjILKll8Nqvs3MS7G_k") -> 1LxPO_wuZRiAXrS1EicVG-gQWzjILKll8Nqvs3MS7G_k
A64: =IFERROR(__xludf.DUMMYFUNCTION("""COMPUTED_VALUE"""),"788 - Sistemas Aplicados 1") -> 788 - Sistemas Aplicados 1
A65: =IFERROR(__xludf.DUMMYFUNCTION("""COMPUTED_VALUE"""),"776 - Bases de Datos Avanzadas") -> 776 - Bases de Datos Avanzadas | B65: =IFERROR(__xludf.DUMMYFUNCTION("""COMPUTED_VALUE"""),"1SZ2dJz29IsruB5vMYQ514xwGe6wyVx6cjMu_iwnHpFo") -> 1SZ2dJz29IsruB5vMYQ514xwGe6wyVx6cjMu_iwnHpFo
A66: =IFERROR(__xludf.DUMMYFUNCTION("""COMPUTED_VALUE"""),"2009 - Prácticas Finales Ingeniería Ciencias y Sistemas") -> 2009 - Prácticas Finales Ingeniería Ciencias y Sistemas
A67: =IFERROR(__xludf.DUMMYFUNCTION("""COMPUTED_VALUE"""),"720 - Modelación y Simulación 2") -> 720 - Modelación y Simulación 2 | B67: =IFERROR(__xludf.DUMMYFUNCTION("""COMPUTED_VALUE"""),"1ebc3-I4AbsLDHtzhtolQz7pqZDPvmSE0yZJu1xY6lLY") -> 1ebc3-I4AbsLDHtzhtolQz7pqZDPvmSE0yZJu1xY6lLY | C67: =IFERROR(__xludf.DUMMYFUNCTION("""COMPUTED_VALUE"""),"1VnSdYE6hCH1oAG4XdaAltDp-IuIjLZzv9KdrOGh2-0Y") -> 1VnSdYE6hCH1oAG4XdaAltDp-IuIjLZzv9KdrOGh2-0Y
A68: =IFERROR(__xludf.DUMMYFUNCTION("""COMPUTED_VALUE"""),"787 - Sistemas Organizacionales y Gerenciales 2") -> 787 - Sistemas Organizacionales y Gerenciales 2 | B68: =IFERROR(__xludf.DUMMYFUNCTION("""COMPUTED_VALUE"""),"1KpYHYX_EAJ-h4GLtSoCT8Rqz-xU4Qh5pUnEiPyxmEZA") -> 1KpYHYX_EAJ-h4GLtSoCT8Rqz-xU4Qh5pUnEiPyxmEZA | C68: =IFERROR(__xludf.DUMMYFUNCTION("""COMPUTED_VALUE"""),"106SYnPHxQ47_qT62NOXndjd6mPwE7LV7AXR9D4-euB8") -> 106SYnPHxQ47_qT62NOXndjd6mPwE7LV7AXR9D4-euB8
A69: =IFERROR(__xludf.DUMMYFUNCTION("""COMPUTED_VALUE"""),"790 - Emprendedores de Negocios Informáticos") -> 790 - Emprendedores de Negocios Informáticos
A70: =IFERROR(__xludf.DUMMYFUNCTION("""COMPUTED_VALUE"""),"968 - Inteligencia Artificial 2") -> 968 - Inteligencia Artificial 2
A71: =IFERROR(__xludf.DUMMYFUNCTION("""COMPUTED_VALUE"""),"974 - Redes de Nueva Generación") -> 974 - Redes de Nueva Generación
A72: =IFERROR(__xludf.DUMMYFUNCTION("""COMPUTED_VALUE"""),"780 - Software Avanzado") -> 780 - Software Avanzado | B72: =IFERROR(__xludf.DUMMYFUNCTION("""COMPUTED_VALUE"""),"1SZ2dJz29IsruB5vMYQ514xwGe6wyVx6cjMu_iwnHpFo") -> 1SZ2dJz29IsruB5vMYQ514xwGe6wyVx6cjMu_iwnHpFo | C72: =IFERROR(__xludf.DUMMYFUNCTION("""COMPUTED_VALUE"""),"13JrqVT0c3I6SzCOF1sKpi1qJKOryNTT4TsCaNwuV-24") -> 13JrqVT0c3I6SzCOF1sKpi1qJKOryNTT4TsCaNwuV-24
A73: =IFERROR(__xludf.DUMMYFUNCTION("""COMPUTED_VALUE"""),"789 - Sistemas Aplicados 2") -> 789 - Sistemas Aplicados 2
A74: =IFERROR(__xludf.DUMMYFUNCTION("""COMPUTED_VALUE"""),"735 - Auditoría de Proyectos de Software") -> 735 - Auditoría de Proyectos de Software
A75: =IFERROR(__xludf.DUMMYFUNCTION("""COMPUTED_VALUE"""),"7999 - Seminario de Investigación EPS Sistemas") -> 7999 - Seminario de Investigación EPS Sistemas
A76: =IFERROR(__xludf.DUMMYFUNCTION("""COMPUTED_VALUE"""),"799 - Seminario de Investigación") -> 799 - Seminario de Investigación
A77: =IFERROR(__xludf.DUMMYFUNCTION("""COMPUTED_VALUE"""),"90 - Programacion de Computadoras 1") -> 90 - Programacion de Computadoras 1 | B77: =IFERROR(__xludf.DUMMYFUNCTION("""COMPUTED_VALUE"""),"1qvDDGj5yCc7f5CzNszeAsW2HPXfptQjvWIcbjskCMYM") -> 1qvDDGj5yCc7f5CzNszeAsW2HPXfptQjvWIcbjskCMYM | C77: =IFERROR(__xludf.DUMMYFUNCTION("""COMPUTED_VALUE"""),"1YPGQg3r0TE0ZsibgKarHMDVR2FLaHLC0G5O84_GpNhw") -> 1YPGQg3r0TE0ZsibgKarHMDVR2FLaHLC0G5O84_GpNhw
A78: =IFERROR(__xludf.DUMMYFUNCTION("""COMPUTED_VALUE"""),"92 - Programacion de Computadoras 2") -> 92 - Programacion de Computadoras 2 | B78: =IFERROR(__xludf.DUMMYFUNCTION("""COMPUTED_VALUE"""),"1SCiXODhHsEGBVGnnYk9ZrO_gSOSvcGwu7lDEJBfLaEw") -> 1SCiXODhHsEGBVGnnYk9ZrO_gSOSvcGwu7lDEJBfLaEw | C78: =IFERROR(__xludf.DUMMYFUNCTION("""COMPUTED_VALUE"""),"1Bf3nWt47xcnM3VU3BvJaD4AcWQd-1GK4pJm4b69PzDk") -> 1Bf3nWt47xcnM3VU3BvJaD4AcWQd-1GK4pJm4b69PzDk
A79: =IFERROR(__xludf.DUMMYFUNCTION("""COMPUTED_VALUE"""),"667 - Programacion Comercial 1") -> 667 - Programacion Comercial 1 | B79: =IFERROR(__xludf.DUMMYFUNCTION("""COMPUTED_VALUE"""),"1q-0CM7N_hXOxknvTAL7P8U9-t9hqpm1-3l5E6r3G-qg") -> 1q-0CM7N_hXOxknvTAL7P8U9-t9hqpm1-3l5E6r3G-qg | C79: =IFERROR(__xludf.DUMMYFUNCTION("""COMPUTED_VALUE"""),"1R41rwbBQZrh9qjZ3XYjH5mTM9rwh34s58Htn787_YnY") -> 1R41rwbBQZrh9qjZ3XYjH5mTM9rwh34s58Htn787_YnY
A80: =IFERROR(__xludf.DUMMYFUNCTION("""COMPUTED_VALUE"""),"768 - Algoritmos") -> 768 - Algoritmos | B80: =IFERROR(__xludf.DUMMYFUNCTION("""COMPUTED_VALUE"""),"1SjAd6zUsLAnVyCAYH7AjoRBdaM836qJGVSbcpa5npcA") -> 1SjAd6zUsLAnVyCAYH7AjoRBdaM836qJGVSbcpa5npcA | C80: =IFERROR(__xludf.DUMMYFUNCTION("""COMPUTED_VALUE"""),"1afm0IKlaJOgHVN4bCH6AUAoNUqhq0_44_T5aENeyCWo") -> 1afm0IKlaJOgHVN4bCH6AUAoNUqhq0_44_T5aENeyCWo

Sheet Resumen de Ponderaciones
A1: Curso | B1: ='Diseño Curricular'!B1 -> 786 - Sistemas Organizacionales y Gerenciales 1
A2: Ponderacion
A3: Actividades en Clase | B3: Semana 1 | C3: Semana 2 | D3: Semana 3 | E3: Semana 4 | F3: Semana 5 | G3: Semana 6 | H3: Semana 7 | I3: Semana 8 | J3: Semana 9 | K3: Semana 10 | L3: Semana 11 | M3: Total
B4: =S.1!$B$11 -> 0 | C4: =S.2!$B$11 -> 0 | D4: =S.3!$B$11 -> 0 | E4: =S.4!$B$11 -> 0 | F4: =S.5!$B$11 -> 0 | G4: =S.6!$B$11 -> 0 | H4: =S.7!$B$11 -> 0 | I4: =S.8!$B$11 -> 0 | J4: =S.9!$B$11 -> 0 | K4: =S.10!$B$11 -> 0 | L4: =S.11!$B$11 -> 0 | M4: =SUM(B4:L4) -> 0
A5: Proyectos | M5: =Proyectos!H3 -> 60
A6: Practicas | M6: =Practicas!H3 -> 30
A7: Tareas | M7: =Tareas!H3 -> 0
A8: Examen Final | M8: 10
A9: Total | M9: =SUM(M4:M8) -> 100
A12: Tiempo de Auto Aprendizaje
A14: Proyectos | M14: =Proyectos!C9+Proyectos!C33+Proyectos!C57 -> 50
A15: Practicas | M15: =Practicas!C9+Practicas!C33+Practicas!C57+Practicas!C81+Practicas!C105+Practicas!C129+Practicas!C153 -> 45
A16: Tareas | M16: =Tareas!C9+Tareas!C33+Tareas!C57+Tareas!C81+Tareas!C105+Tareas!C153 -> 0
A17: Total | M17: =SUM(M14:M16) -> 95
